effect_var,effect_var_jp,cause_var,cause_var_jp,E,tau,tp,nn,n_lib,n_pred,rmse,te,pval,cond1,cond2,cond3,cond4,cause_pair
Taxa0479,メジナ,Taxa0451,クロダイ,1,1,-6,2,471,471,0.9336085184354815,0.04431064818612099,0.004,water_temp; tp = 0,tide; tp = -2,NA,NA,Taxa0479_CausedBy_Taxa0451
Taxa0479,メジナ,Taxa0544,ニシキベラ,1,1,0,2,535,535,0.8105993053031026,0.2366030496228538,0.001,water_temp; tp = 0,tide; tp = -2,NA,NA,Taxa0479_CausedBy_Taxa0544
Taxa0479,メジナ,Taxa0505,タカノハダイ,1,1,0,2,535,535,0.9172265791649702,0.07595416219997066,0.0305,water_temp; tp = 0,tide; tp = -2,NA,NA,Taxa0479_CausedBy_Taxa0505
Taxa0479,メジナ,Taxa0020,ウツボ,10,1,0,11,439,439,0.9535205846590944,0.1111275143662627,0,water_temp; tp = 0,tide; tp = -2,NA,NA,Taxa0479_CausedBy_Taxa0020
Taxa0479,メジナ,Taxa0045,カタクチイワシ,1,1,-5,2,482,482,0.704940243536182,0.10473512444725133,0.0285,water_temp; tp = 0,tide; tp = -2,NA,NA,Taxa0479_CausedBy_Taxa0045
Taxa0479,メジナ,Taxa0673,イソハゼ,1,1,0,2,535,535,0.7864952826559433,0.19086803579430509,0.001,water_temp; tp = 0,tide; tp = -2,NA,NA,Taxa0479_CausedBy_Taxa0673
Taxa0479,メジナ,Taxa0498,イシダイ,1,1,-5,2,482,482,1.0168226674639043,0.059837464896954684,0.0415,water_temp; tp = 0,tide; tp = -2,NA,NA,Taxa0479_CausedBy_Taxa0498
Taxa0849,クサフグ,Taxa0451,クロダイ,1,1,-3,2,517,517,0.8654852568099388,0.08886557435383438,0.024,wave_m; tp = -1,NA,NA,NA,Taxa0849_CausedBy_Taxa0451
Taxa0849,クサフグ,Taxa0664,アゴハゼ,1,1,0,2,550,550,0.6989020395192369,0.35796984706938473,0,wave_m; tp = -1,NA,NA,NA,Taxa0849_CausedBy_Taxa0664
Taxa0849,クサフグ,Taxa0324,アヤアナハゼ,1,1,-4,2,506,506,0.9202731078393516,0.11539777332366338,0.043,wave_m; tp = -1,NA,NA,NA,Taxa0849_CausedBy_Taxa0324
Taxa0849,クサフグ,Taxa0045,カタクチイワシ,1,1,-3,2,517,517,0.8818266644046094,0.11146496344917649,0.0475,wave_m; tp = -1,NA,NA,NA,Taxa0849_CausedBy_Taxa0045
Taxa0849,クサフグ,Taxa0558,ベニツケギンポ,1,1,0,2,550,550,0.8748227854951023,0.12837016336432816,0.0315,wave_m; tp = -1,NA,NA,NA,Taxa0849_CausedBy_Taxa0558
Taxa0849,クサフグ,Taxa0538,ホシササノハベラ,1,1,-6,2,484,484,0.9031703956675381,0.10925767929229213,0.031,wave_m; tp = -1,NA,NA,NA,Taxa0849_CausedBy_Taxa0538
Taxa0849,クサフグ,Taxa0658,クモハゼ,1,1,-5,2,495,495,0.9057844230394932,0.13744477913279346,0.044,wave_m; tp = -1,NA,NA,NA,Taxa0849_CausedBy_Taxa0658
Taxa0849,クサフグ,Taxa0484,カゴカキダイ,1,1,-2,2,528,528,0.8838628607297029,0.13652229044499284,0.001,wave_m; tp = -1,NA,NA,NA,Taxa0849_CausedBy_Taxa0484
Taxa0849,クサフグ,Taxa0208,ギンイソイワシ,1,1,0,2,550,550,0.885779431831198,0.12108251466863926,0.0165,wave_m; tp = -1,NA,NA,NA,Taxa0849_CausedBy_Taxa0208
Taxa0451,クロダイ,Taxa0849,クサフグ,3,1,-1,4,509,509,0.9599099203856596,0.1905627517192722,0.0015,salinity; tp = -4,NA,NA,NA,Taxa0451_CausedBy_Taxa0849
Taxa0451,クロダイ,Taxa0664,アゴハゼ,3,1,-1,4,509,509,1.0020467734172112,0.28029854930797604,5e-4,salinity; tp = -4,NA,NA,NA,Taxa0451_CausedBy_Taxa0664
Taxa0451,クロダイ,Taxa0584,ヘビギンポ,2,1,0,3,519,519,0.923036732991518,0.10403895375624991,0.0265,salinity; tp = -4,NA,NA,NA,Taxa0451_CausedBy_Taxa0584
Taxa0451,クロダイ,Taxa0594,ホシギンポ,4,1,-1,5,506,506,0.9222790963784232,0.145153645236898,0.0095,salinity; tp = -4,NA,NA,NA,Taxa0451_CausedBy_Taxa0594
Taxa0451,クロダイ,Taxa0599,ナベカ,1,1,-5,2,485,485,0.9083403226535655,0.08576184849454223,0.0395,salinity; tp = -4,NA,NA,NA,Taxa0451_CausedBy_Taxa0599
Taxa0451,クロダイ,Taxa0537,アカササノハベラ,1,1,-6,2,474,474,0.9709849762634133,0.10660885327051839,0.0395,salinity; tp = -4,NA,NA,NA,Taxa0451_CausedBy_Taxa0537
Taxa0451,クロダイ,Taxa0665,ドロメ,2,1,-6,3,474,474,1.0253646027727539,0.07449163406285317,0.0385,salinity; tp = -4,NA,NA,NA,Taxa0451_CausedBy_Taxa0665
Taxa0451,クロダイ,Taxa0841,キタマクラ,3,1,-3,4,506,506,0.9485869990093795,0.03551326339502228,0.0415,salinity; tp = -4,NA,NA,NA,Taxa0451_CausedBy_Taxa0841
Taxa0451,クロダイ,Taxa0325,アナハゼ,4,1,-1,5,506,506,0.9286274180121854,0.08587414489366557,0.016,salinity; tp = -4,NA,NA,NA,Taxa0451_CausedBy_Taxa0325
Taxa0451,クロダイ,Taxa0419,マアジ,3,1,-2,4,509,509,1.0831151251410454,0.10392986970504266,0.0485,salinity; tp = -4,NA,NA,NA,Taxa0451_CausedBy_Taxa0419
Taxa0451,クロダイ,Taxa0562,コモンイトギンポ,1,1,0,2,529,529,0.9107612799648533,0.11706827258932276,0.0475,salinity; tp = -4,NA,NA,NA,Taxa0451_CausedBy_Taxa0562
Taxa0664,アゴハゼ,Taxa0479,メジナ,1,1,-2,2,501,501,0.9203378715185866,0.06677452657391779,0.0435,water_temp; tp = -2,salinity; tp = -4,NA,NA,Taxa0664_CausedBy_Taxa0479
Taxa0664,アゴハゼ,Taxa0849,クサフグ,1,1,0,2,519,519,0.7197358871143347,0.27773743726946754,0,water_temp; tp = -2,salinity; tp = -4,NA,NA,Taxa0664_CausedBy_Taxa0849
Taxa0664,アゴハゼ,Taxa0451,クロダイ,1,1,0,2,519,519,0.8689341627520999,0.025459259098857323,0.0325,water_temp; tp = -2,salinity; tp = -4,NA,NA,Taxa0664_CausedBy_Taxa0451
Taxa0664,アゴハゼ,Taxa0505,タカノハダイ,1,1,0,2,519,519,1.0431421296150245,0.051198670447094634,0.033,water_temp; tp = -2,salinity; tp = -4,NA,NA,Taxa0664_CausedBy_Taxa0505
Taxa0664,アゴハゼ,Taxa0020,ウツボ,1,1,-4,2,488,488,0.9738105685030092,0.06720476047039645,0.049,water_temp; tp = -2,salinity; tp = -4,NA,NA,Taxa0664_CausedBy_Taxa0020
Taxa0664,アゴハゼ,Taxa0584,ヘビギンポ,1,1,-4,2,488,488,0.5138150618677938,0.057270874017443685,0.029,water_temp; tp = -2,salinity; tp = -4,NA,NA,Taxa0664_CausedBy_Taxa0584
Taxa0664,アゴハゼ,Taxa0477,クロメジナ,1,1,-2,2,501,501,0.9663432611450645,0.06839539547199819,0.0135,water_temp; tp = -2,salinity; tp = -4,NA,NA,Taxa0664_CausedBy_Taxa0477
Taxa0664,アゴハゼ,Taxa0204,ナミノハナ,1,1,-4,2,488,488,1.0207061562630704,0.14261409108287995,0.0255,water_temp; tp = -2,salinity; tp = -4,NA,NA,Taxa0664_CausedBy_Taxa0204
Taxa0664,アゴハゼ,Taxa0665,ドロメ,1,1,0,2,519,519,0.8414440469427165,0.18458340343692914,0.005,water_temp; tp = -2,salinity; tp = -4,NA,NA,Taxa0664_CausedBy_Taxa0665
Taxa0664,アゴハゼ,Taxa0841,キタマクラ,1,1,0,2,519,519,0.9217693665586607,0.09963679117533852,0.0035,water_temp; tp = -2,salinity; tp = -4,NA,NA,Taxa0664_CausedBy_Taxa0841
Taxa0664,アゴハゼ,Taxa0795,ヒラメ,1,1,-2,2,501,501,0.9183951602856627,0.08644808627120867,0.044,water_temp; tp = -2,salinity; tp = -4,NA,NA,Taxa0664_CausedBy_Taxa0795
Taxa0207,ムギイワシ,Taxa0324,アヤアナハゼ,1,1,0,2,537,537,0.900790052828811,0.13411847111558514,0.0305,water_temp; tp = 0,NA,NA,NA,Taxa0207_CausedBy_Taxa0324
Taxa0207,ムギイワシ,Taxa0537,アカササノハベラ,5,1,0,6,493,493,0.953429358601798,0.09709598071289012,0.015,water_temp; tp = 0,NA,NA,NA,Taxa0207_CausedBy_Taxa0537
Taxa0207,ムギイワシ,Taxa0053,マイワシ,1,1,-1,2,526,526,0.8878355256510184,0.1424439118582478,0,water_temp; tp = 0,NA,NA,NA,Taxa0207_CausedBy_Taxa0053
Taxa0207,ムギイワシ,Taxa0498,イシダイ,1,1,-2,2,515,515,0.9013703893393585,0.13661425060399085,0.0095,water_temp; tp = 0,NA,NA,NA,Taxa0207_CausedBy_Taxa0498
Taxa0207,ムギイワシ,Taxa0616,コケギンポ,1,1,-2,2,515,515,0.9671646562631452,0.06046288325464248,0.039,water_temp; tp = 0,NA,NA,NA,Taxa0207_CausedBy_Taxa0616
Taxa0207,ムギイワシ,Taxa0780,マサバ・ゴマサバ複合種群,1,1,-5,2,482,482,0.9941067657271442,0.07538819939587214,0.037,water_temp; tp = 0,NA,NA,NA,Taxa0207_CausedBy_Taxa0780
Taxa0207,ムギイワシ,Taxa0049,ウルメイワシ,1,1,-1,2,526,526,0.9376114865149701,0.11073772465456536,0.0485,water_temp; tp = 0,NA,NA,NA,Taxa0207_CausedBy_Taxa0049
Taxa0207,ムギイワシ,Taxa0480,ノトイスズミ,1,1,-1,2,526,526,0.9245560437417347,0.13137756873810535,0.0065,water_temp; tp = 0,NA,NA,NA,Taxa0207_CausedBy_Taxa0480
Taxa0207,ムギイワシ,Taxa0837,ミナミハコフグ,1,1,-2,2,515,515,0.8607481069603762,0.08494280121423202,0.008,water_temp; tp = 0,NA,NA,NA,Taxa0207_CausedBy_Taxa0837
Taxa0207,ムギイワシ,Taxa0484,カゴカキダイ,1,1,-5,2,482,482,0.9194058495440227,0.13563860340909484,0.008,water_temp; tp = 0,NA,NA,NA,Taxa0207_CausedBy_Taxa0484
Taxa0207,ムギイワシ,Taxa0016,トラウツボ,1,1,-2,2,515,515,0.9326069237128751,0.07921780070586237,0.049,water_temp; tp = 0,NA,NA,NA,Taxa0207_CausedBy_Taxa0016
Taxa0207,ムギイワシ,Taxa0476,ミナミハタンポ,1,1,-5,2,482,482,0.9169015672709774,0.11885933474787355,0.0015,water_temp; tp = 0,NA,NA,NA,Taxa0207_CausedBy_Taxa0476
Taxa0207,ムギイワシ,Taxa0208,ギンイソイワシ,1,1,-3,2,504,504,0.8998802164753655,0.13715529261031384,0.012,water_temp; tp = 0,NA,NA,NA,Taxa0207_CausedBy_Taxa0208
Taxa0286,メバル属複合種群,Taxa0451,クロダイ,9,1,-2,10,452,452,1.0420561787280644,0.02433582481854534,0.022,water_temp; tp = -1,tide; tp = -4,NA,NA,Taxa0286_CausedBy_Taxa0451
Taxa0286,メバル属複合種群,Taxa0544,ニシキベラ,1,1,0,2,534,534,0.7972312169386809,0.23034458666993132,0.0375,water_temp; tp = -1,tide; tp = -4,NA,NA,Taxa0286_CausedBy_Taxa0544
Taxa0286,メバル属複合種群,Taxa0201,ボラ,11,1,0,12,430,430,0.8419971110481391,0.02386486270069471,0.02,water_temp; tp = -1,tide; tp = -4,NA,NA,Taxa0286_CausedBy_Taxa0201
Taxa0286,メバル属複合種群,Taxa0020,ウツボ,8,1,0,9,462,462,0.9758049365803881,0.07162607637365861,0.0105,water_temp; tp = -1,tide; tp = -4,NA,NA,Taxa0286_CausedBy_Taxa0020
Taxa0286,メバル属複合種群,Taxa0752,アイゴ,9,1,0,10,452,452,0.8937592081661081,0.0636424785989603,0.0475,water_temp; tp = -1,tide; tp = -4,NA,NA,Taxa0286_CausedBy_Taxa0752
Taxa0286,メバル属複合種群,Taxa0324,アヤアナハゼ,11,1,0,12,430,430,0.9434405933611328,0.0699049890832401,0,water_temp; tp = -1,tide; tp = -4,NA,NA,Taxa0286_CausedBy_Taxa0324
Taxa0286,メバル属複合種群,Taxa0665,ドロメ,1,1,-6,2,473,473,1.0400154095525338,0.03881005616998104,0.029,water_temp; tp = -1,tide; tp = -4,NA,NA,Taxa0286_CausedBy_Taxa0665
Taxa0286,メバル属複合種群,Taxa0841,キタマクラ,1,1,-6,2,473,473,0.8883110841124358,0.041458282908303765,0.0485,water_temp; tp = -1,tide; tp = -4,NA,NA,Taxa0286_CausedBy_Taxa0841
Taxa0286,メバル属複合種群,Taxa0480,ノトイスズミ,1,1,-6,2,473,473,0.894219991804539,0.2616139856154229,0.003,water_temp; tp = -1,tide; tp = -4,NA,NA,Taxa0286_CausedBy_Taxa0480
Taxa0544,ニシキベラ,Taxa0849,クサフグ,3,1,-6,4,484,484,1.0127823227195092,0.039350539797424255,0.0215,NA,NA,NA,NA,Taxa0544_CausedBy_Taxa0849
Taxa0544,ニシキベラ,Taxa0505,タカノハダイ,3,1,0,4,528,528,0.8309362316927885,0.21434597761005214,5e-4,NA,NA,NA,NA,Taxa0544_CausedBy_Taxa0505
Taxa0544,ニシキベラ,Taxa0752,アイゴ,1,1,0,2,550,550,0.7187891629394961,0.3301872007869783,0.0055,NA,NA,NA,NA,Taxa0544_CausedBy_Taxa0752
Taxa0544,ニシキベラ,Taxa0601,イソギンポ,3,1,-4,4,506,506,0.9931332883370191,0.05267238000899835,0.027,NA,NA,NA,NA,Taxa0544_CausedBy_Taxa0601
Taxa0544,ニシキベラ,Taxa0594,ホシギンポ,2,1,0,3,539,539,0.9081373213095166,0.08537259986552169,0.0385,NA,NA,NA,NA,Taxa0544_CausedBy_Taxa0594
Taxa0544,ニシキベラ,Taxa0477,クロメジナ,3,1,0,4,528,528,0.8493804421842217,0.08232608053934923,0.029,NA,NA,NA,NA,Taxa0544_CausedBy_Taxa0477
Taxa0544,ニシキベラ,Taxa0765,ニザダイ,1,1,0,2,550,550,0.7229818702625321,0.32437113284657665,0.025,NA,NA,NA,NA,Taxa0544_CausedBy_Taxa0765
Taxa0544,ニシキベラ,Taxa0616,コケギンポ,5,1,-4,6,506,506,1.0005307807440789,0.04609793721541819,0.0015,NA,NA,NA,NA,Taxa0544_CausedBy_Taxa0616
Taxa0544,ニシキベラ,Taxa0541,カミナリベラ,3,1,-4,4,506,506,0.8850997274768514,0.0915993127333424,0.0225,NA,NA,NA,NA,Taxa0544_CausedBy_Taxa0541
Taxa0544,ニシキベラ,Taxa0795,ヒラメ,4,1,0,5,517,517,0.9776118541736823,0.03413661568316764,0.0265,NA,NA,NA,NA,Taxa0544_CausedBy_Taxa0795
Taxa0544,ニシキベラ,Taxa0484,カゴカキダイ,3,1,-1,4,528,528,0.9281771712672322,0.1436053180532692,0.011,NA,NA,NA,NA,Taxa0544_CausedBy_Taxa0484
Taxa0201,ボラ,Taxa0479,メジナ,1,1,-2,2,513,513,1.0805755836257145,0.04074610916061233,0.0475,water_temp; tp = -6,wave_m; tp = -3,NA,NA,Taxa0201_CausedBy_Taxa0479
Taxa0201,ボラ,Taxa0207,ムギイワシ,1,1,-5,2,484,484,0.5919665557020777,0.044336358039620105,0.048,water_temp; tp = -6,wave_m; tp = -3,NA,NA,Taxa0201_CausedBy_Taxa0207
Taxa0201,ボラ,Taxa0020,ウツボ,1,1,0,2,533,533,0.8940609840106086,0.12658774553660124,0.0275,water_temp; tp = -6,wave_m; tp = -3,NA,NA,Taxa0201_CausedBy_Taxa0020
Taxa0201,ボラ,Taxa0324,アヤアナハゼ,1,1,0,2,533,533,0.899333777308624,0.14284153429881172,0.029,water_temp; tp = -6,wave_m; tp = -3,NA,NA,Taxa0201_CausedBy_Taxa0324
Taxa0201,ボラ,Taxa0477,クロメジナ,1,1,0,2,533,533,0.9070377137729546,0.14939619721800443,0.014,water_temp; tp = -6,wave_m; tp = -3,NA,NA,Taxa0201_CausedBy_Taxa0477
Taxa0201,ボラ,Taxa0537,アカササノハベラ,1,1,-2,2,513,513,1.0439705855456105,0.048668331477596354,0.03,water_temp; tp = -6,wave_m; tp = -3,NA,NA,Taxa0201_CausedBy_Taxa0537
Taxa0201,ボラ,Taxa0336,スズキ,1,1,-2,2,513,513,0.9610793856475122,0.09615748198467278,0.049,water_temp; tp = -6,wave_m; tp = -3,NA,NA,Taxa0201_CausedBy_Taxa0336
Taxa0201,ボラ,Taxa0538,ホシササノハベラ,1,1,-2,2,513,513,0.9590222812166477,0.10718215166629783,0.0435,water_temp; tp = -6,wave_m; tp = -3,NA,NA,Taxa0201_CausedBy_Taxa0538
Taxa0201,ボラ,Taxa0419,マアジ,1,1,-2,2,513,513,0.9665552895495882,0.11628031111428895,0.0325,water_temp; tp = -6,wave_m; tp = -3,NA,NA,Taxa0201_CausedBy_Taxa0419
Taxa0201,ボラ,Taxa0795,ヒラメ,1,1,0,2,533,533,0.9171146146402024,0.14928594723299457,0.0195,water_temp; tp = -6,wave_m; tp = -3,NA,NA,Taxa0201_CausedBy_Taxa0795
Taxa0201,ボラ,Taxa0534,ホンベラ,1,1,-2,2,513,513,1.00382634523595,0.056100855072863255,0.039,water_temp; tp = -6,wave_m; tp = -3,NA,NA,Taxa0201_CausedBy_Taxa0534
Taxa0201,ボラ,Taxa0016,トラウツボ,1,1,-5,2,484,484,0.8154206071815302,0.24884910300466584,0.007,water_temp; tp = -6,wave_m; tp = -3,NA,NA,Taxa0201_CausedBy_Taxa0016
Taxa0505,タカノハダイ,Taxa0479,メジナ,9,1,-1,10,442,442,0.9690846001266349,0.007358238332491714,0.005,water_temp; tp = -3,salinity; tp = -6,tide; tp = -2,NA,Taxa0505_CausedBy_Taxa0479
Taxa0505,タカノハダイ,Taxa0544,ニシキベラ,10,1,0,11,431,431,0.8665653175538007,0.0847447149755298,0.0025,water_temp; tp = -3,salinity; tp = -6,tide; tp = -2,NA,Taxa0505_CausedBy_Taxa0544
Taxa0505,タカノハダイ,Taxa0020,ウツボ,9,1,0,10,442,442,0.9761863116713219,0.0795339853644539,0.0095,water_temp; tp = -3,salinity; tp = -6,tide; tp = -2,NA,Taxa0505_CausedBy_Taxa0020
Taxa0505,タカノハダイ,Taxa0752,アイゴ,1,1,0,2,514,514,0.8283895701791079,0.14390479287857763,0.003,water_temp; tp = -3,salinity; tp = -6,tide; tp = -2,NA,Taxa0505_CausedBy_Taxa0752
Taxa0505,タカノハダイ,Taxa0324,アヤアナハゼ,1,1,-5,2,474,474,0.9891129665035812,0.03343106900215957,0.024,water_temp; tp = -3,salinity; tp = -6,tide; tp = -2,NA,Taxa0505_CausedBy_Taxa0324
Taxa0505,タカノハダイ,Taxa0601,イソギンポ,10,1,-6,11,431,431,0.8712410688573251,0.010860220524260722,0.0085,water_temp; tp = -3,salinity; tp = -6,tide; tp = -2,NA,Taxa0505_CausedBy_Taxa0601
Taxa0505,タカノハダイ,Taxa0045,カタクチイワシ,2,1,-5,3,474,474,0.6608454761723004,0.1379703249650393,0.005,water_temp; tp = -3,salinity; tp = -6,tide; tp = -2,NA,Taxa0505_CausedBy_Taxa0045
Taxa0505,タカノハダイ,Taxa0584,ヘビギンポ,2,1,0,3,504,504,0.8940845667475048,0.09791088693908324,0.0065,water_temp; tp = -3,salinity; tp = -6,tide; tp = -2,NA,Taxa0505_CausedBy_Taxa0584
Taxa0505,タカノハダイ,Taxa0558,ベニツケギンポ,2,1,-1,3,504,504,0.9752085704554119,0.02798143426826221,0.002,water_temp; tp = -3,salinity; tp = -6,tide; tp = -2,NA,Taxa0505_CausedBy_Taxa0558
Taxa0505,タカノハダイ,Taxa0477,クロメジナ,2,1,0,3,504,504,0.9934463116911227,0.04413658534053418,0.0155,water_temp; tp = -3,salinity; tp = -6,tide; tp = -2,NA,Taxa0505_CausedBy_Taxa0477
Taxa0505,タカノハダイ,Taxa0537,アカササノハベラ,9,1,0,10,442,442,1.0305941925366782,0.033425776982924954,0.0415,water_temp; tp = -3,salinity; tp = -6,tide; tp = -2,NA,Taxa0505_CausedBy_Taxa0537
Taxa0505,タカノハダイ,Taxa0673,イソハゼ,9,1,-1,10,442,442,0.6306602121622136,0.007350735695737909,0.031,water_temp; tp = -3,salinity; tp = -6,tide; tp = -2,NA,Taxa0505_CausedBy_Taxa0673
Taxa0505,タカノハダイ,Taxa0336,スズキ,1,1,-1,2,504,504,0.9119725944247968,0.09022760167041247,0.0225,water_temp; tp = -3,salinity; tp = -6,tide; tp = -2,NA,Taxa0505_CausedBy_Taxa0336
Taxa0505,タカノハダイ,Taxa0765,ニザダイ,1,1,-4,2,477,477,0.8973172469273999,0.1345792889877401,0.0175,water_temp; tp = -3,salinity; tp = -6,tide; tp = -2,NA,Taxa0505_CausedBy_Taxa0765
Taxa0505,タカノハダイ,Taxa0498,イシダイ,2,1,-1,3,504,504,1.0421271462532982,0.014263224908813564,0.045,water_temp; tp = -3,salinity; tp = -6,tide; tp = -2,NA,Taxa0505_CausedBy_Taxa0498
Taxa0505,タカノハダイ,Taxa0510,ウミタナゴ,1,1,-1,2,504,504,0.8971942315293768,0.07215995748622284,0.0125,water_temp; tp = -3,salinity; tp = -6,tide; tp = -2,NA,Taxa0505_CausedBy_Taxa0510
Taxa0505,タカノハダイ,Taxa0538,ホシササノハベラ,2,1,-3,3,487,487,1.0514627867477309,0.0341413038797966,0.0275,water_temp; tp = -3,salinity; tp = -6,tide; tp = -2,NA,Taxa0505_CausedBy_Taxa0538
Taxa0505,タカノハダイ,Taxa0541,カミナリベラ,9,1,-6,10,442,442,0.8600922644866752,0.012271344649830346,0.0045,water_temp; tp = -3,salinity; tp = -6,tide; tp = -2,NA,Taxa0505_CausedBy_Taxa0541
Taxa0505,タカノハダイ,Taxa0049,ウルメイワシ,1,1,-2,2,496,496,1.033797411644635,0.03513999287180272,0.0365,water_temp; tp = -3,salinity; tp = -6,tide; tp = -2,NA,Taxa0505_CausedBy_Taxa0049
Taxa0505,タカノハダイ,Taxa0841,キタマクラ,2,1,-2,3,496,496,0.8957398414443691,0.054088164887974285,0.016,water_temp; tp = -3,salinity; tp = -6,tide; tp = -2,NA,Taxa0505_CausedBy_Taxa0841
Taxa0505,タカノハダイ,Taxa0419,マアジ,1,1,-1,2,504,504,0.9924276141816898,0.09850362507147943,0.0055,water_temp; tp = -3,salinity; tp = -6,tide; tp = -2,NA,Taxa0505_CausedBy_Taxa0419
Taxa0505,タカノハダイ,Taxa0480,ノトイスズミ,1,1,-2,2,496,496,1.0088017751402898,0.04921739699645307,0.0465,water_temp; tp = -3,salinity; tp = -6,tide; tp = -2,NA,Taxa0505_CausedBy_Taxa0480
Taxa0505,タカノハダイ,Taxa0837,ミナミハコフグ,1,1,0,2,514,514,0.9936538999223719,0.04829627085680788,0.0145,water_temp; tp = -3,salinity; tp = -6,tide; tp = -2,NA,Taxa0505_CausedBy_Taxa0837
Taxa0505,タカノハダイ,Taxa0795,ヒラメ,1,1,-5,2,474,474,0.922927011997196,0.026531631550835745,0.008,water_temp; tp = -3,salinity; tp = -6,tide; tp = -2,NA,Taxa0505_CausedBy_Taxa0795
Taxa0505,タカノハダイ,Taxa0534,ホンベラ,2,1,-3,3,487,487,1.0087358841903784,0.09827957941278262,0.0145,water_temp; tp = -3,salinity; tp = -6,tide; tp = -2,NA,Taxa0505_CausedBy_Taxa0534
Taxa0598,カエルウオ,Taxa0020,ウツボ,2,1,-3,3,515,515,0.9561063770784021,0.08888315329238743,0.0265,tide; tp = 0,NA,NA,NA,Taxa0598_CausedBy_Taxa0020
Taxa0598,カエルウオ,Taxa0477,クロメジナ,4,1,0,5,515,515,0.9289986460241154,0.11573754799028702,0.0105,tide; tp = 0,NA,NA,NA,Taxa0598_CausedBy_Taxa0477
Taxa0598,カエルウオ,Taxa0204,ナミノハナ,2,1,-5,3,493,493,0.8946691185321026,0.07865174378700515,0.0205,tide; tp = 0,NA,NA,NA,Taxa0598_CausedBy_Taxa0204
Taxa0598,カエルウオ,Taxa0053,マイワシ,2,1,-3,3,515,515,0.9272981387245685,0.13056021841603008,0.0025,tide; tp = 0,NA,NA,NA,Taxa0598_CausedBy_Taxa0053
Taxa0598,カエルウオ,Taxa0498,イシダイ,2,1,-5,3,493,493,0.918268934846574,0.030180564211301622,0.0245,tide; tp = 0,NA,NA,NA,Taxa0598_CausedBy_Taxa0498
Taxa0598,カエルウオ,Taxa0484,カゴカキダイ,2,1,-1,3,537,537,0.8428553617620469,0.09701160830418942,0.0345,tide; tp = 0,NA,NA,NA,Taxa0598_CausedBy_Taxa0484
Taxa0598,カエルウオ,Taxa0208,ギンイソイワシ,2,1,-4,3,504,504,0.4183478690653842,0.07990592287691056,0.0255,tide; tp = 0,NA,NA,NA,Taxa0598_CausedBy_Taxa0208
Taxa0020,ウツボ,Taxa0479,メジナ,1,1,0,2,528,528,0.7280326028113976,0.3343036485973197,0.0075,salinity; tp = -5,NA,NA,NA,Taxa0020_CausedBy_Taxa0479
Taxa0020,ウツボ,Taxa0849,クサフグ,1,1,-1,2,518,518,0.9362295066176453,0.0767626251605659,0.025,salinity; tp = -5,NA,NA,NA,Taxa0020_CausedBy_Taxa0849
Taxa0020,ウツボ,Taxa0664,アゴハゼ,1,1,-1,2,518,518,0.8870749104907858,0.12426506201212345,0,salinity; tp = -5,NA,NA,NA,Taxa0020_CausedBy_Taxa0664
Taxa0020,ウツボ,Taxa0544,ニシキベラ,1,1,0,2,528,528,0.8414379377042183,0.1265435507347405,0.032,salinity; tp = -5,NA,NA,NA,Taxa0020_CausedBy_Taxa0544
Taxa0020,ウツボ,Taxa0752,アイゴ,1,1,0,2,528,528,0.8720231237240679,0.08200494543859918,0.026,salinity; tp = -5,NA,NA,NA,Taxa0020_CausedBy_Taxa0752
Taxa0020,ウツボ,Taxa0324,アヤアナハゼ,1,1,0,2,528,528,0.6497884044539408,0.42489115678349115,0.0025,salinity; tp = -5,NA,NA,NA,Taxa0020_CausedBy_Taxa0324
Taxa0020,ウツボ,Taxa0594,ホシギンポ,1,1,-6,2,474,474,0.9576457593864338,0.09447894086964859,0.0255,salinity; tp = -5,NA,NA,NA,Taxa0020_CausedBy_Taxa0594
Taxa0020,ウツボ,Taxa0558,ベニツケギンポ,1,1,-5,2,485,485,0.9184679275568182,0.08411964740604999,0.01,salinity; tp = -5,NA,NA,NA,Taxa0020_CausedBy_Taxa0558
Taxa0020,ウツボ,Taxa0477,クロメジナ,1,1,0,2,528,528,0.8972579376021823,0.11268762154647582,0.0105,salinity; tp = -5,NA,NA,NA,Taxa0020_CausedBy_Taxa0477
Taxa0020,ウツボ,Taxa0599,ナベカ,1,1,-2,2,508,508,0.8615064402190556,0.07115061746938325,0.0485,salinity; tp = -5,NA,NA,NA,Taxa0020_CausedBy_Taxa0599
Taxa0020,ウツボ,Taxa0537,アカササノハベラ,1,1,0,2,528,528,0.6661739470863071,0.4111710867878096,0.0015,salinity; tp = -5,NA,NA,NA,Taxa0020_CausedBy_Taxa0537
Taxa0020,ウツボ,Taxa0673,イソハゼ,1,1,0,2,528,528,0.6687737536298969,0.11571220639409646,0.0405,salinity; tp = -5,NA,NA,NA,Taxa0020_CausedBy_Taxa0673
Taxa0020,ウツボ,Taxa0336,スズキ,1,1,-4,2,495,495,0.9117648502601797,0.14442905753189486,0,salinity; tp = -5,NA,NA,NA,Taxa0020_CausedBy_Taxa0336
Taxa0020,ウツボ,Taxa0708,キヌバリ,1,1,-2,2,508,508,0.9068198417058883,0.09046492754790575,0.001,salinity; tp = -5,NA,NA,NA,Taxa0020_CausedBy_Taxa0708
Taxa0020,ウツボ,Taxa0510,ウミタナゴ,1,1,-6,2,474,474,0.9874739476042402,0.06984365789816366,0.0375,salinity; tp = -5,NA,NA,NA,Taxa0020_CausedBy_Taxa0510
Taxa0020,ウツボ,Taxa0616,コケギンポ,1,1,-1,2,518,518,0.8477044757462294,0.11206831500039487,5e-4,salinity; tp = -5,NA,NA,NA,Taxa0020_CausedBy_Taxa0616
Taxa0020,ウツボ,Taxa0841,キタマクラ,1,1,-6,2,474,474,0.8350586774662323,0.12387970762646952,0.0115,salinity; tp = -5,NA,NA,NA,Taxa0020_CausedBy_Taxa0841
Taxa0020,ウツボ,Taxa0419,マアジ,1,1,-6,2,474,474,0.9740267953366575,0.10401163308531829,0.0205,salinity; tp = -5,NA,NA,NA,Taxa0020_CausedBy_Taxa0419
Taxa0020,ウツボ,Taxa0480,ノトイスズミ,1,1,-2,2,508,508,0.894768977286253,0.14579674414908528,0,salinity; tp = -5,NA,NA,NA,Taxa0020_CausedBy_Taxa0480
Taxa0020,ウツボ,Taxa0837,ミナミハコフグ,1,1,-5,2,485,485,0.9338231571931178,0.1045865112892907,0.0065,salinity; tp = -5,NA,NA,NA,Taxa0020_CausedBy_Taxa0837
Taxa0020,ウツボ,Taxa0562,コモンイトギンポ,1,1,-6,2,474,474,0.955049257346134,0.11423029986784569,5e-4,salinity; tp = -5,NA,NA,NA,Taxa0020_CausedBy_Taxa0562
Taxa0020,ウツボ,Taxa0658,クモハゼ,1,1,-5,2,485,485,0.9375082716317359,0.11607677536510624,0.0295,salinity; tp = -5,NA,NA,NA,Taxa0020_CausedBy_Taxa0658
Taxa0020,ウツボ,Taxa0795,ヒラメ,1,1,0,2,528,528,0.9273937651547732,0.0750211207432073,0.04,salinity; tp = -5,NA,NA,NA,Taxa0020_CausedBy_Taxa0795
Taxa0020,ウツボ,Taxa0484,カゴカキダイ,1,1,-2,2,508,508,0.8947640275933249,0.14880722057314183,0,salinity; tp = -5,NA,NA,NA,Taxa0020_CausedBy_Taxa0484
Taxa0020,ウツボ,Taxa0476,ミナミハタンポ,1,1,-6,2,474,474,0.6605827696134376,0.06523555984359353,0.039,salinity; tp = -5,NA,NA,NA,Taxa0020_CausedBy_Taxa0476
Taxa0752,アイゴ,Taxa0479,メジナ,1,1,0,2,538,538,0.9411363917817562,0.09754614861786114,0.01,water_temp; tp = -1,NA,NA,NA,Taxa0752_CausedBy_Taxa0479
Taxa0752,アイゴ,Taxa0451,クロダイ,2,1,-5,3,484,484,0.8651679022566979,0.06424637178512976,0.0335,water_temp; tp = -1,NA,NA,NA,Taxa0752_CausedBy_Taxa0451
Taxa0752,アイゴ,Taxa0286,メバル属複合種群,1,1,0,2,538,538,0.7699739436228595,0.26614496967177204,5e-4,water_temp; tp = -1,NA,NA,NA,Taxa0752_CausedBy_Taxa0286
Taxa0752,アイゴ,Taxa0544,ニシキベラ,1,1,0,2,538,538,0.7552815961006766,0.2855471890613479,0.0105,water_temp; tp = -1,NA,NA,NA,Taxa0752_CausedBy_Taxa0544
Taxa0752,アイゴ,Taxa0598,カエルウオ,9,1,-3,10,452,452,0.8258427103910803,0.031020285669536962,0.008,water_temp; tp = -1,NA,NA,NA,Taxa0752_CausedBy_Taxa0598
Taxa0752,アイゴ,Taxa0324,アヤアナハゼ,1,1,0,2,538,538,0.926160570836201,0.11155036542094798,0.023,water_temp; tp = -1,NA,NA,NA,Taxa0752_CausedBy_Taxa0324
Taxa0752,アイゴ,Taxa0601,イソギンポ,1,1,-3,2,506,506,0.9478144280837654,0.08031964111363313,0.0155,water_temp; tp = -1,NA,NA,NA,Taxa0752_CausedBy_Taxa0601
Taxa0752,アイゴ,Taxa0584,ヘビギンポ,2,1,0,3,528,528,0.9494339036336008,0.053474605232979006,0.048,water_temp; tp = -1,NA,NA,NA,Taxa0752_CausedBy_Taxa0584
Taxa0752,アイゴ,Taxa0558,ベニツケギンポ,1,1,-5,2,484,484,0.927279338683459,0.04786166697777589,0.045,water_temp; tp = -1,NA,NA,NA,Taxa0752_CausedBy_Taxa0558
Taxa0752,アイゴ,Taxa0477,クロメジナ,1,1,0,2,538,538,0.831028156605544,0.18028999955299313,0.0015,water_temp; tp = -1,NA,NA,NA,Taxa0752_CausedBy_Taxa0477
Taxa0752,アイゴ,Taxa0599,ナベカ,2,1,-3,3,506,506,0.971543299353283,0.08488769271792543,0.0365,water_temp; tp = -1,NA,NA,NA,Taxa0752_CausedBy_Taxa0599
Taxa0752,アイゴ,Taxa0537,アカササノハベラ,1,1,0,2,538,538,0.9543755513503946,0.08197222763346643,0.042,water_temp; tp = -1,NA,NA,NA,Taxa0752_CausedBy_Taxa0537
Taxa0752,アイゴ,Taxa0053,マイワシ,1,1,-2,2,517,517,0.8955509271485533,0.14240659558588534,0,water_temp; tp = -1,NA,NA,NA,Taxa0752_CausedBy_Taxa0053
Taxa0752,アイゴ,Taxa0498,イシダイ,1,1,-5,2,484,484,0.9604469007107269,0.13180693730889745,0.005,water_temp; tp = -1,NA,NA,NA,Taxa0752_CausedBy_Taxa0498
Taxa0752,アイゴ,Taxa0616,コケギンポ,2,1,0,3,528,528,0.9986464644781227,0.053929724297356006,0.045,water_temp; tp = -1,NA,NA,NA,Taxa0752_CausedBy_Taxa0616
Taxa0752,アイゴ,Taxa0538,ホシササノハベラ,1,1,0,2,538,538,0.9836359736258773,0.0262905576469184,0.044,water_temp; tp = -1,NA,NA,NA,Taxa0752_CausedBy_Taxa0538
Taxa0752,アイゴ,Taxa0337,ヒラスズキ,1,1,-4,2,495,495,0.9092920070908898,0.08759094190631704,0.007,water_temp; tp = -1,NA,NA,NA,Taxa0752_CausedBy_Taxa0337
Taxa0752,アイゴ,Taxa0541,カミナリベラ,1,1,0,2,538,538,0.8183475887615106,0.1112243856240403,0.046,water_temp; tp = -1,NA,NA,NA,Taxa0752_CausedBy_Taxa0541
Taxa0752,アイゴ,Taxa0325,アナハゼ,1,1,-3,2,506,506,0.9837326675062217,0.06588555907785328,0.0385,water_temp; tp = -1,NA,NA,NA,Taxa0752_CausedBy_Taxa0325
Taxa0752,アイゴ,Taxa0480,ノトイスズミ,1,1,0,2,538,538,0.7897124371832608,0.24718533699510908,0.05,water_temp; tp = -1,NA,NA,NA,Taxa0752_CausedBy_Taxa0480
Taxa0752,アイゴ,Taxa0837,ミナミハコフグ,1,1,0,2,538,538,0.896092929338663,0.10260455697392616,0,water_temp; tp = -1,NA,NA,NA,Taxa0752_CausedBy_Taxa0837
Taxa0752,アイゴ,Taxa0795,ヒラメ,1,1,0,2,538,538,0.9185394943490046,0.11097237377021228,0.023,water_temp; tp = -1,NA,NA,NA,Taxa0752_CausedBy_Taxa0795
Taxa0752,アイゴ,Taxa0016,トラウツボ,1,1,0,2,538,538,0.9237856666544332,0.08922727742134105,0.0135,water_temp; tp = -1,NA,NA,NA,Taxa0752_CausedBy_Taxa0016
Taxa0752,アイゴ,Taxa0208,ギンイソイワシ,1,1,0,2,538,538,0.8890111468285309,0.1331661046407404,0.01,water_temp; tp = -1,NA,NA,NA,Taxa0752_CausedBy_Taxa0208
Taxa0324,アヤアナハゼ,Taxa0479,メジナ,1,1,0,2,528,528,0.7192664525065442,0.3373679833623122,5e-4,salinity; tp = -5,tide; tp = -4,NA,NA,Taxa0324_CausedBy_Taxa0479
Taxa0324,アヤアナハゼ,Taxa0849,クサフグ,8,1,0,9,463,463,1.0065133184052066,0.018393037599773045,0.0035,salinity; tp = -5,tide; tp = -4,NA,NA,Taxa0324_CausedBy_Taxa0849
Taxa0324,アヤアナハゼ,Taxa0664,アゴハゼ,7,1,-1,8,474,474,1.0058472490549422,0.003627962049685121,0.037,salinity; tp = -5,tide; tp = -4,NA,NA,Taxa0324_CausedBy_Taxa0664
Taxa0324,アヤアナハゼ,Taxa0207,ムギイワシ,10,1,-3,11,441,441,0.6198828791778961,0.024847027707650016,0,salinity; tp = -5,tide; tp = -4,NA,NA,Taxa0324_CausedBy_Taxa0207
Taxa0324,アヤアナハゼ,Taxa0286,メバル属複合種群,9,1,0,10,452,452,0.9957063207750968,0.04705002657718241,0.003,salinity; tp = -5,tide; tp = -4,NA,NA,Taxa0324_CausedBy_Taxa0286
Taxa0324,アヤアナハゼ,Taxa0544,ニシキベラ,11,1,0,12,430,430,0.8714596830497896,0.10670905344557435,0,salinity; tp = -5,tide; tp = -4,NA,NA,Taxa0324_CausedBy_Taxa0544
Taxa0324,アヤアナハゼ,Taxa0201,ボラ,5,1,-2,6,495,495,1.0211133139006303,0.010355158125746871,0.0465,salinity; tp = -5,tide; tp = -4,NA,NA,Taxa0324_CausedBy_Taxa0201
Taxa0324,アヤアナハゼ,Taxa0505,タカノハダイ,7,1,0,8,474,474,0.9682156331227859,0.06808385369545877,5e-4,salinity; tp = -5,tide; tp = -4,NA,NA,Taxa0324_CausedBy_Taxa0505
Taxa0324,アヤアナハゼ,Taxa0598,カエルウオ,10,1,0,11,441,441,0.9841660517724465,0.028883294827979918,0.0055,salinity; tp = -5,tide; tp = -4,NA,NA,Taxa0324_CausedBy_Taxa0598
Taxa0324,アヤアナハゼ,Taxa0020,ウツボ,6,1,0,7,485,485,0.8196624279270589,0.19591639513541817,0,salinity; tp = -5,tide; tp = -4,NA,NA,Taxa0324_CausedBy_Taxa0020
Taxa0324,アヤアナハゼ,Taxa0752,アイゴ,5,1,0,6,495,495,0.870386899090021,0.12308589622104293,0,salinity; tp = -5,tide; tp = -4,NA,NA,Taxa0324_CausedBy_Taxa0752
Taxa0324,アヤアナハゼ,Taxa0601,イソギンポ,9,1,0,10,452,452,0.8982280189270373,0.0216201422248192,0.049,salinity; tp = -5,tide; tp = -4,NA,NA,Taxa0324_CausedBy_Taxa0601
Taxa0324,アヤアナハゼ,Taxa0477,クロメジナ,8,1,0,9,463,463,0.9523285891237254,0.042667523968093965,0.0145,salinity; tp = -5,tide; tp = -4,NA,NA,Taxa0324_CausedBy_Taxa0477
Taxa0324,アヤアナハゼ,Taxa0599,ナベカ,9,1,-2,10,452,452,0.9754875339284688,0.0066958830336539925,0.036,salinity; tp = -5,tide; tp = -4,NA,NA,Taxa0324_CausedBy_Taxa0599
Taxa0324,アヤアナハゼ,Taxa0537,アカササノハベラ,8,1,0,9,463,463,0.8610238794017449,0.19314921852418868,0,salinity; tp = -5,tide; tp = -4,NA,NA,Taxa0324_CausedBy_Taxa0537
Taxa0324,アヤアナハゼ,Taxa0204,ナミノハナ,10,1,-2,11,441,441,1.0869019266761748,0.02064744209690514,0,salinity; tp = -5,tide; tp = -4,NA,NA,Taxa0324_CausedBy_Taxa0204
Taxa0324,アヤアナハゼ,Taxa0673,イソハゼ,10,1,-5,11,441,441,0.9946461802015101,0.01839277470984861,0.025,salinity; tp = -5,tide; tp = -4,NA,NA,Taxa0324_CausedBy_Taxa0673
Taxa0324,アヤアナハゼ,Taxa0336,スズキ,8,1,-3,9,463,463,1.0765387400282729,0.006258770633380942,0.0365,salinity; tp = -5,tide; tp = -4,NA,NA,Taxa0324_CausedBy_Taxa0336
Taxa0324,アヤアナハゼ,Taxa0510,ウミタナゴ,10,1,0,11,441,441,0.9423292125999834,0.017633267232226454,0.019,salinity; tp = -5,tide; tp = -4,NA,NA,Taxa0324_CausedBy_Taxa0510
Taxa0324,アヤアナハゼ,Taxa0616,コケギンポ,7,1,-1,8,474,474,0.9632796526752115,0.008201194420094125,0.026,salinity; tp = -5,tide; tp = -4,NA,NA,Taxa0324_CausedBy_Taxa0616
Taxa0324,アヤアナハゼ,Taxa0538,ホシササノハベラ,8,1,0,9,463,463,0.9922435840294965,0.04327487662678784,0.018,salinity; tp = -5,tide; tp = -4,NA,NA,Taxa0324_CausedBy_Taxa0538
Taxa0324,アヤアナハゼ,Taxa0049,ウルメイワシ,10,1,0,11,441,441,0.8089959155020705,0.045885518335495395,0.002,salinity; tp = -5,tide; tp = -4,NA,NA,Taxa0324_CausedBy_Taxa0049
Taxa0324,アヤアナハゼ,Taxa0841,キタマクラ,5,1,0,6,495,495,0.903089053172921,0.02264372386225426,0.03,salinity; tp = -5,tide; tp = -4,NA,NA,Taxa0324_CausedBy_Taxa0841
Taxa0324,アヤアナハゼ,Taxa0480,ノトイスズミ,5,1,0,6,495,495,0.9417096814930117,0.15146313057407118,0.002,salinity; tp = -5,tide; tp = -4,NA,NA,Taxa0324_CausedBy_Taxa0480
Taxa0324,アヤアナハゼ,Taxa0562,コモンイトギンポ,10,1,0,11,441,441,1.0563528696471782,0.02923823656175957,0.041,salinity; tp = -5,tide; tp = -4,NA,NA,Taxa0324_CausedBy_Taxa0562
Taxa0324,アヤアナハゼ,Taxa0795,ヒラメ,1,1,0,2,528,528,0.9325864515577875,0.07487793427506814,0.047,salinity; tp = -5,tide; tp = -4,NA,NA,Taxa0324_CausedBy_Taxa0795
Taxa0324,アヤアナハゼ,Taxa0534,ホンベラ,8,1,0,9,463,463,0.7426014206615561,0.06554822167230781,0.008,salinity; tp = -5,tide; tp = -4,NA,NA,Taxa0324_CausedBy_Taxa0534
Taxa0324,アヤアナハゼ,Taxa0484,カゴカキダイ,8,1,-5,9,463,463,1.0706904276239304,0.007699973046676217,0.001,salinity; tp = -5,tide; tp = -4,NA,NA,Taxa0324_CausedBy_Taxa0484
Taxa0324,アヤアナハゼ,Taxa0016,トラウツボ,7,1,0,8,474,474,0.9552422929973217,0.0820120955756257,0.032,salinity; tp = -5,tide; tp = -4,NA,NA,Taxa0324_CausedBy_Taxa0016
Taxa0324,アヤアナハゼ,Taxa0476,ミナミハタンポ,5,1,0,6,495,495,1.0261545477934682,0.023366577534455927,0.0025,salinity; tp = -5,tide; tp = -4,NA,NA,Taxa0324_CausedBy_Taxa0476
Taxa0601,イソギンポ,Taxa0849,クサフグ,1,1,-1,2,525,525,0.9224202939543602,0.054818591741475436,0.0015,water_temp; tp = -1,wave_m; tp = -5,tide; tp = -1,NA,Taxa0601_CausedBy_Taxa0849
Taxa0601,イソギンポ,Taxa0451,クロダイ,1,1,-3,2,505,505,0.85220223458193,0.09458035073107861,0.0045,water_temp; tp = -1,wave_m; tp = -5,tide; tp = -1,NA,Taxa0601_CausedBy_Taxa0451
Taxa0601,イソギンポ,Taxa0664,アゴハゼ,3,1,-1,4,515,515,0.9863176057734755,0.029774324444632683,0.033,water_temp; tp = -1,wave_m; tp = -5,tide; tp = -1,NA,Taxa0601_CausedBy_Taxa0664
Taxa0601,イソギンポ,Taxa0286,メバル属複合種群,3,1,-4,4,495,495,1.0153326845228292,0.021410632766123427,0.0215,water_temp; tp = -1,wave_m; tp = -5,tide; tp = -1,NA,Taxa0601_CausedBy_Taxa0286
Taxa0601,イソギンポ,Taxa0544,ニシキベラ,1,1,-5,2,484,484,1.0223210902364896,0.037276288781888316,0.0315,water_temp; tp = -1,wave_m; tp = -5,tide; tp = -1,NA,Taxa0601_CausedBy_Taxa0544
Taxa0601,イソギンポ,Taxa0594,ホシギンポ,3,1,-1,4,515,515,0.9885170236302988,0.01469603603361491,0.018,water_temp; tp = -1,wave_m; tp = -5,tide; tp = -1,NA,Taxa0601_CausedBy_Taxa0594
Taxa0601,イソギンポ,Taxa0558,ベニツケギンポ,3,1,0,4,515,515,0.9515143050696153,0.0488470986459124,0.0285,water_temp; tp = -1,wave_m; tp = -5,tide; tp = -1,NA,Taxa0601_CausedBy_Taxa0558
Taxa0601,イソギンポ,Taxa0599,ナベカ,1,1,0,2,534,534,0.7961922627526677,0.14335526620135586,0.005,water_temp; tp = -1,wave_m; tp = -5,tide; tp = -1,NA,Taxa0601_CausedBy_Taxa0599
Taxa0601,イソギンポ,Taxa0665,ドロメ,3,1,0,4,515,515,0.8931705869454275,0.04508453461219897,0.0215,water_temp; tp = -1,wave_m; tp = -5,tide; tp = -1,NA,Taxa0601_CausedBy_Taxa0665
Taxa0601,イソギンポ,Taxa0510,ウミタナゴ,3,1,-3,4,505,505,0.8886948804688859,0.03281147946079434,0.0045,water_temp; tp = -1,wave_m; tp = -5,tide; tp = -1,NA,Taxa0601_CausedBy_Taxa0510
Taxa0601,イソギンポ,Taxa0325,アナハゼ,3,1,-1,4,515,515,1.020616961687138,0.011393878607253178,0.01,water_temp; tp = -1,wave_m; tp = -5,tide; tp = -1,NA,Taxa0601_CausedBy_Taxa0325
Taxa0601,イソギンポ,Taxa0562,コモンイトギンポ,3,1,-2,4,515,515,0.976098081365712,0.05247426816561497,0.011,water_temp; tp = -1,wave_m; tp = -5,tide; tp = -1,NA,Taxa0601_CausedBy_Taxa0562
Taxa0601,イソギンポ,Taxa0208,ギンイソイワシ,3,1,0,4,515,515,0.9881998363762656,0.03651802635854213,0.015,water_temp; tp = -1,wave_m; tp = -5,tide; tp = -1,NA,Taxa0601_CausedBy_Taxa0208
Taxa0045,カタクチイワシ,Taxa0479,メジナ,5,1,0,6,476,476,0.9417352745700953,0.09475440289011915,0,water_temp; tp = -4,salinity; tp = 0,wave_m; tp = -3,NA,Taxa0045_CausedBy_Taxa0479
Taxa0045,カタクチイワシ,Taxa0201,ボラ,1,1,-3,2,486,486,0.9662944450253871,0.010575534033637476,0.039,water_temp; tp = -4,salinity; tp = 0,wave_m; tp = -3,NA,Taxa0045_CausedBy_Taxa0201
Taxa0045,カタクチイワシ,Taxa0505,タカノハダイ,1,1,-2,2,495,495,0.9784102003044481,0.03163262959756684,0.017,water_temp; tp = -4,salinity; tp = 0,wave_m; tp = -3,NA,Taxa0045_CausedBy_Taxa0505
Taxa0045,カタクチイワシ,Taxa0020,ウツボ,1,1,0,2,515,515,0.8758699588224704,0.12554990086607073,0.0075,water_temp; tp = -4,salinity; tp = 0,wave_m; tp = -3,NA,Taxa0045_CausedBy_Taxa0020
Taxa0045,カタクチイワシ,Taxa0324,アヤアナハゼ,1,1,0,2,515,515,0.8474878637268678,0.13181405316341613,0.006,water_temp; tp = -4,salinity; tp = 0,wave_m; tp = -3,NA,Taxa0045_CausedBy_Taxa0324
Taxa0045,カタクチイワシ,Taxa0537,アカササノハベラ,1,1,0,2,515,515,0.8223512528315907,0.15107826078520095,0.0025,water_temp; tp = -4,salinity; tp = 0,wave_m; tp = -3,NA,Taxa0045_CausedBy_Taxa0537
Taxa0045,カタクチイワシ,Taxa0204,ナミノハナ,1,1,-4,2,476,476,1.0030863029043655,0.03802755443845387,0.026,water_temp; tp = -4,salinity; tp = 0,wave_m; tp = -3,NA,Taxa0045_CausedBy_Taxa0204
Taxa0045,カタクチイワシ,Taxa0673,イソハゼ,1,1,0,2,515,515,0.9313089630853489,0.020016060732186716,0.015,water_temp; tp = -4,salinity; tp = 0,wave_m; tp = -3,NA,Taxa0045_CausedBy_Taxa0673
Taxa0045,カタクチイワシ,Taxa0336,スズキ,1,1,0,2,515,515,0.9472360813732407,0.04220470752599762,0.0345,water_temp; tp = -4,salinity; tp = 0,wave_m; tp = -3,NA,Taxa0045_CausedBy_Taxa0336
Taxa0045,カタクチイワシ,Taxa0510,ウミタナゴ,3,1,-2,4,495,495,0.8301600250810014,0.004324751990037928,0.0095,water_temp; tp = -4,salinity; tp = 0,wave_m; tp = -3,NA,Taxa0045_CausedBy_Taxa0510
Taxa0045,カタクチイワシ,Taxa0419,マアジ,1,1,0,2,515,515,0.9688400997955823,0.04687853898797986,0.027,water_temp; tp = -4,salinity; tp = 0,wave_m; tp = -3,NA,Taxa0045_CausedBy_Taxa0419
Taxa0045,カタクチイワシ,Taxa0480,ノトイスズミ,1,1,0,2,515,515,0.9656372186470971,0.04683024103125218,0.013,water_temp; tp = -4,salinity; tp = 0,wave_m; tp = -3,NA,Taxa0045_CausedBy_Taxa0480
Taxa0045,カタクチイワシ,Taxa0562,コモンイトギンポ,1,1,0,2,515,515,0.9839178744810494,0.03369144567077823,0.0415,water_temp; tp = -4,salinity; tp = 0,wave_m; tp = -3,NA,Taxa0045_CausedBy_Taxa0562
Taxa0045,カタクチイワシ,Taxa0054,キビナゴ,1,1,-6,2,454,454,0.9834277839493752,0.04091771632066329,0.0095,water_temp; tp = -4,salinity; tp = 0,wave_m; tp = -3,NA,Taxa0045_CausedBy_Taxa0054
Taxa0584,ヘビギンポ,Taxa0849,クサフグ,2,1,-4,3,493,493,0.9652261427185026,0.07585130046821642,0.018,water_temp; tp = 0,NA,NA,NA,Taxa0584_CausedBy_Taxa0849
Taxa0584,ヘビギンポ,Taxa0207,ムギイワシ,9,1,-1,10,450,450,0.9609465046480655,0.020873042184980237,0.0415,water_temp; tp = 0,NA,NA,NA,Taxa0584_CausedBy_Taxa0207
Taxa0584,ヘビギンポ,Taxa0201,ボラ,2,1,-4,3,493,493,0.989192521774272,0.11185948422752001,0.003,water_temp; tp = 0,NA,NA,NA,Taxa0584_CausedBy_Taxa0201
Taxa0584,ヘビギンポ,Taxa0505,タカノハダイ,2,1,-1,3,526,526,0.9641638728783112,0.039093907851720386,0.049,water_temp; tp = 0,NA,NA,NA,Taxa0584_CausedBy_Taxa0505
Taxa0584,ヘビギンポ,Taxa0477,クロメジナ,8,1,0,9,461,461,0.9877142969890342,0.03731912264129906,0.02,water_temp; tp = 0,NA,NA,NA,Taxa0584_CausedBy_Taxa0477
Taxa0584,ヘビギンポ,Taxa0537,アカササノハベラ,3,1,0,4,515,515,0.961742781295425,0.058821019312243386,0.002,water_temp; tp = 0,NA,NA,NA,Taxa0584_CausedBy_Taxa0537
Taxa0584,ヘビギンポ,Taxa0204,ナミノハナ,7,1,-4,8,471,471,0.9872529333049452,0.018602169244704564,0.0315,water_temp; tp = 0,NA,NA,NA,Taxa0584_CausedBy_Taxa0204
Taxa0584,ヘビギンポ,Taxa0336,スズキ,4,1,-2,5,504,504,0.9838623987492038,0.013486307507555723,0.032,water_temp; tp = 0,NA,NA,NA,Taxa0584_CausedBy_Taxa0336
Taxa0584,ヘビギンポ,Taxa0765,ニザダイ,4,1,-1,5,504,504,0.8777737758455985,0.08456946669057391,0.017,water_temp; tp = 0,NA,NA,NA,Taxa0584_CausedBy_Taxa0765
Taxa0584,ヘビギンポ,Taxa0498,イシダイ,2,1,-2,3,515,515,0.9195447187970391,0.10039179665723716,0.0345,water_temp; tp = 0,NA,NA,NA,Taxa0584_CausedBy_Taxa0498
Taxa0584,ヘビギンポ,Taxa0538,ホシササノハベラ,5,1,0,6,493,493,0.968731975020997,0.05083275811904349,0.048,water_temp; tp = 0,NA,NA,NA,Taxa0584_CausedBy_Taxa0538
Taxa0584,ヘビギンポ,Taxa0841,キタマクラ,2,1,-4,3,493,493,0.838024309092698,0.07891923325987216,0.0035,water_temp; tp = 0,NA,NA,NA,Taxa0584_CausedBy_Taxa0841
Taxa0584,ヘビギンポ,Taxa0325,アナハゼ,2,1,-3,3,504,504,0.9544011860750014,0.08804250700881164,0.0285,water_temp; tp = 0,NA,NA,NA,Taxa0584_CausedBy_Taxa0325
Taxa0584,ヘビギンポ,Taxa0658,クモハゼ,4,1,-5,5,482,482,0.9820382339392973,0.006843185100164474,0.0255,water_temp; tp = 0,NA,NA,NA,Taxa0584_CausedBy_Taxa0658
Taxa0584,ヘビギンポ,Taxa0795,ヒラメ,9,1,-2,10,450,450,0.9942424304074517,0.0038102150746606067,0.045,water_temp; tp = 0,NA,NA,NA,Taxa0584_CausedBy_Taxa0795
Taxa0584,ヘビギンポ,Taxa0016,トラウツボ,4,1,0,5,504,504,0.9549825171442549,0.05584989792671059,0.027,water_temp; tp = 0,NA,NA,NA,Taxa0584_CausedBy_Taxa0016
Taxa0584,ヘビギンポ,Taxa0208,ギンイソイワシ,2,1,-5,3,482,482,0.43400544900950744,0.09490322129712403,0.005,water_temp; tp = 0,NA,NA,NA,Taxa0584_CausedBy_Taxa0208
Taxa0594,ホシギンポ,Taxa0505,タカノハダイ,1,1,-3,2,504,504,0.9808388659865304,0.06673911001708432,0.026,water_temp; tp = 0,tide; tp = -2,NA,NA,Taxa0594_CausedBy_Taxa0505
Taxa0594,ホシギンポ,Taxa0204,ナミノハナ,1,1,-1,2,525,525,0.933735773302388,0.04718443903155284,0.018,water_temp; tp = 0,tide; tp = -2,NA,NA,Taxa0594_CausedBy_Taxa0204
Taxa0594,ホシギンポ,Taxa0616,コケギンポ,1,1,0,2,535,535,0.9591353186229368,0.12356587255659712,0.035,water_temp; tp = 0,tide; tp = -2,NA,NA,Taxa0594_CausedBy_Taxa0616
Taxa0594,ホシギンポ,Taxa0541,カミナリベラ,1,1,-4,2,493,493,0.8671189396582699,0.0465449123514759,0.012,water_temp; tp = 0,tide; tp = -2,NA,NA,Taxa0594_CausedBy_Taxa0541
Taxa0594,ホシギンポ,Taxa0658,クモハゼ,1,1,-2,2,515,515,1.0272226643592774,0.1378339782366732,0.0315,water_temp; tp = 0,tide; tp = -2,NA,NA,Taxa0594_CausedBy_Taxa0658
Taxa0594,ホシギンポ,Taxa0534,ホンベラ,1,1,-4,2,493,493,0.903724326119693,0.14799702492291578,0.0415,water_temp; tp = 0,tide; tp = -2,NA,NA,Taxa0594_CausedBy_Taxa0534
Taxa0558,ベニツケギンポ,Taxa0849,クサフグ,8,1,0,9,454,454,0.9633828339439768,0.016280970538332103,0.0015,salinity; tp = 0,NA,NA,NA,Taxa0558_CausedBy_Taxa0849
Taxa0558,ベニツケギンポ,Taxa0451,クロダイ,2,1,-5,3,475,475,0.935766006588557,0.052181296563760575,0.047,salinity; tp = 0,NA,NA,NA,Taxa0558_CausedBy_Taxa0451
Taxa0558,ベニツケギンポ,Taxa0601,イソギンポ,8,1,0,9,454,454,0.8714858956148895,0.04868992413948989,0.035,salinity; tp = 0,NA,NA,NA,Taxa0558_CausedBy_Taxa0601
Taxa0558,ベニツケギンポ,Taxa0053,マイワシ,1,1,-4,2,486,486,0.8972428516225525,0.16952986061685069,0.0185,salinity; tp = 0,NA,NA,NA,Taxa0558_CausedBy_Taxa0053
Taxa0558,ベニツケギンポ,Taxa0616,コケギンポ,1,1,0,2,530,530,0.8155782595117956,0.2123495644550303,0.0295,salinity; tp = 0,NA,NA,NA,Taxa0558_CausedBy_Taxa0616
Taxa0558,ベニツケギンポ,Taxa0325,アナハゼ,1,1,-4,2,486,486,0.9543208398804581,0.11117643521408327,0.0135,salinity; tp = 0,NA,NA,NA,Taxa0558_CausedBy_Taxa0325
Taxa0558,ベニツケギンポ,Taxa0419,マアジ,1,1,-2,2,508,508,0.9088622389088561,0.1377937298158232,0,salinity; tp = 0,NA,NA,NA,Taxa0558_CausedBy_Taxa0419
Taxa0558,ベニツケギンポ,Taxa0837,ミナミハコフグ,2,1,-6,3,464,464,1.03955927680536,0.042463548748657244,0.041,salinity; tp = 0,NA,NA,NA,Taxa0558_CausedBy_Taxa0837
Taxa0558,ベニツケギンポ,Taxa0562,コモンイトギンポ,1,1,-2,2,508,508,0.9407630882664215,0.09911132636419162,0.0395,salinity; tp = 0,NA,NA,NA,Taxa0558_CausedBy_Taxa0562
Taxa0558,ベニツケギンポ,Taxa0534,ホンベラ,4,1,-2,5,497,497,0.8738217155676653,0.03246120374021462,0.015,salinity; tp = 0,NA,NA,NA,Taxa0558_CausedBy_Taxa0534
Taxa0477,クロメジナ,Taxa0451,クロダイ,1,1,-2,2,515,515,0.921818069960642,0.07812505412883612,0.001,water_temp; tp = 0,NA,NA,NA,Taxa0477_CausedBy_Taxa0451
Taxa0477,クロメジナ,Taxa0544,ニシキベラ,11,1,0,12,428,428,0.8468885869516961,0.08881387453455629,0,water_temp; tp = 0,NA,NA,NA,Taxa0477_CausedBy_Taxa0544
Taxa0477,クロメジナ,Taxa0505,タカノハダイ,11,1,-2,12,428,428,1.0275726690046747,0.016503525171159925,0.0265,water_temp; tp = 0,NA,NA,NA,Taxa0477_CausedBy_Taxa0505
Taxa0477,クロメジナ,Taxa0598,カエルウオ,9,1,0,10,450,450,0.9396753582546271,0.08334530193440187,0.001,water_temp; tp = 0,NA,NA,NA,Taxa0477_CausedBy_Taxa0598
Taxa0477,クロメジナ,Taxa0020,ウツボ,11,1,0,12,428,428,0.9866296154207876,0.08107489211665583,0,water_temp; tp = 0,NA,NA,NA,Taxa0477_CausedBy_Taxa0020
Taxa0477,クロメジナ,Taxa0601,イソギンポ,11,1,-2,12,428,428,0.8842624542618049,0.012579200105553329,0.0025,water_temp; tp = 0,NA,NA,NA,Taxa0477_CausedBy_Taxa0601
Taxa0477,クロメジナ,Taxa0558,ベニツケギンポ,11,1,0,12,428,428,0.9778172487964292,0.04481268695328003,5e-4,water_temp; tp = 0,NA,NA,NA,Taxa0477_CausedBy_Taxa0558
Taxa0477,クロメジナ,Taxa0204,ナミノハナ,11,1,0,12,428,428,1.089299715598456,0.02793029910857335,0,water_temp; tp = 0,NA,NA,NA,Taxa0477_CausedBy_Taxa0204
Taxa0477,クロメジナ,Taxa0665,ドロメ,11,1,0,12,428,428,0.6830425389974785,0.023943625325471174,0.018,water_temp; tp = 0,NA,NA,NA,Taxa0477_CausedBy_Taxa0665
Taxa0477,クロメジナ,Taxa0708,キヌバリ,8,1,-3,9,461,461,0.9684637255924329,0.005758096052969983,0.0185,water_temp; tp = 0,NA,NA,NA,Taxa0477_CausedBy_Taxa0708
Taxa0477,クロメジナ,Taxa0053,マイワシ,1,1,-5,2,482,482,0.861719221409543,0.2156078723719259,0.009,water_temp; tp = 0,NA,NA,NA,Taxa0477_CausedBy_Taxa0053
Taxa0477,クロメジナ,Taxa0765,ニザダイ,7,1,0,8,471,471,0.5909578387961615,0.04287107731632378,0.0315,water_temp; tp = 0,NA,NA,NA,Taxa0477_CausedBy_Taxa0765
Taxa0477,クロメジナ,Taxa0510,ウミタナゴ,7,1,-5,8,471,471,1.0030444444184459,0.03557304713858893,0.027,water_temp; tp = 0,NA,NA,NA,Taxa0477_CausedBy_Taxa0510
Taxa0477,クロメジナ,Taxa0538,ホシササノハベラ,6,1,-1,7,482,482,1.0315975966812263,0.014596980327166525,0.016,water_temp; tp = 0,NA,NA,NA,Taxa0477_CausedBy_Taxa0538
Taxa0477,クロメジナ,Taxa0780,マサバ・ゴマサバ複合種群,7,1,0,8,471,471,1.0547047599137227,0.014299744601034815,0.0375,water_temp; tp = 0,NA,NA,NA,Taxa0477_CausedBy_Taxa0780
Taxa0477,クロメジナ,Taxa0325,アナハゼ,8,1,-6,9,461,461,1.0035884172042275,0.009146693364057082,0.017,water_temp; tp = 0,NA,NA,NA,Taxa0477_CausedBy_Taxa0325
Taxa0477,クロメジナ,Taxa0480,ノトイスズミ,7,1,-4,8,471,471,0.9987637787059332,0.01071809736424101,0.0275,water_temp; tp = 0,NA,NA,NA,Taxa0477_CausedBy_Taxa0480
Taxa0477,クロメジナ,Taxa0837,ミナミハコフグ,7,1,0,8,471,471,1.0061347917573884,0.06012625498272417,0.007,water_temp; tp = 0,NA,NA,NA,Taxa0477_CausedBy_Taxa0837
Taxa0477,クロメジナ,Taxa0795,ヒラメ,1,1,-1,2,526,526,0.8883442578668029,0.13160090666656132,0.002,water_temp; tp = 0,NA,NA,NA,Taxa0477_CausedBy_Taxa0795
Taxa0477,クロメジナ,Taxa0016,トラウツボ,7,1,-6,8,471,471,0.931537911925414,0.017510449027953665,0.0075,water_temp; tp = 0,NA,NA,NA,Taxa0477_CausedBy_Taxa0016
Taxa0477,クロメジナ,Taxa0476,ミナミハタンポ,1,1,-1,2,526,526,0.9293027291139745,0.09211785478541519,0.0435,water_temp; tp = 0,NA,NA,NA,Taxa0477_CausedBy_Taxa0476
Taxa0599,ナベカ,Taxa0849,クサフグ,3,1,-1,4,513,513,0.9854721583608264,0.02364725577095115,0.0125,water_temp; tp = -6,wave_m; tp = -6,NA,NA,Taxa0599_CausedBy_Taxa0849
Taxa0599,ナベカ,Taxa0505,タカノハダイ,3,1,-1,4,513,513,0.9626470529666732,0.05220663444475288,0.031,water_temp; tp = -6,wave_m; tp = -6,NA,NA,Taxa0599_CausedBy_Taxa0505
Taxa0599,ナベカ,Taxa0601,イソギンポ,3,1,-2,4,513,513,0.8465911636774448,0.034267101546743506,0.005,water_temp; tp = -6,wave_m; tp = -6,NA,NA,Taxa0599_CausedBy_Taxa0601
Taxa0599,ナベカ,Taxa0419,マアジ,3,1,-2,4,513,513,1.064498473760807,0.08006640587669102,5e-4,water_temp; tp = -6,wave_m; tp = -6,NA,NA,Taxa0599_CausedBy_Taxa0419
Taxa0599,ナベカ,Taxa0484,カゴカキダイ,3,1,-1,4,513,513,1.0029004158291333,0.013614989962377734,0.0035,water_temp; tp = -6,wave_m; tp = -6,NA,NA,Taxa0599_CausedBy_Taxa0484
Taxa0537,アカササノハベラ,Taxa0479,メジナ,1,1,0,2,550,550,0.6592201064935674,0.41669779949649843,0.0045,NA,NA,NA,NA,Taxa0537_CausedBy_Taxa0479
Taxa0537,アカササノハベラ,Taxa0664,アゴハゼ,1,1,-3,2,517,517,1.0210740940387606,0.006320306906599713,0.042,NA,NA,NA,NA,Taxa0537_CausedBy_Taxa0664
Taxa0537,アカササノハベラ,Taxa0505,タカノハダイ,1,1,0,2,550,550,0.884586907775216,0.1226345138211048,0.0295,NA,NA,NA,NA,Taxa0537_CausedBy_Taxa0505
Taxa0537,アカササノハベラ,Taxa0020,ウツボ,1,1,0,2,550,550,0.6976291365548436,0.3600676404091768,0.0105,NA,NA,NA,NA,Taxa0537_CausedBy_Taxa0020
Taxa0537,アカササノハベラ,Taxa0324,アヤアナハゼ,1,1,0,2,550,550,0.6525769795884302,0.4268261703632158,0.019,NA,NA,NA,NA,Taxa0537_CausedBy_Taxa0324
Taxa0537,アカササノハベラ,Taxa0477,クロメジナ,1,1,0,2,550,550,0.823596394541219,0.19407468151994461,0.03,NA,NA,NA,NA,Taxa0537_CausedBy_Taxa0477
Taxa0537,アカササノハベラ,Taxa0673,イソハゼ,1,1,0,2,550,550,0.9187772869537176,0.08471152881044816,0.0225,NA,NA,NA,NA,Taxa0537_CausedBy_Taxa0673
Taxa0537,アカササノハベラ,Taxa0665,ドロメ,1,1,-1,2,539,539,0.9528418934862547,0.05797944185018801,0.002,NA,NA,NA,NA,Taxa0537_CausedBy_Taxa0665
Taxa0537,アカササノハベラ,Taxa0053,マイワシ,1,1,-5,2,495,495,0.8597140372949685,0.2035668371964114,0.0285,NA,NA,NA,NA,Taxa0537_CausedBy_Taxa0053
Taxa0537,アカササノハベラ,Taxa0510,ウミタナゴ,1,1,-1,2,539,539,0.9575650666041746,0.05119696184527024,0.047,NA,NA,NA,NA,Taxa0537_CausedBy_Taxa0510
Taxa0537,アカササノハベラ,Taxa0780,マサバ・ゴマサバ複合種群,1,1,-2,2,528,528,1.008352089076142,0.011640181678783872,0.016,NA,NA,NA,NA,Taxa0537_CausedBy_Taxa0780
Taxa0537,アカササノハベラ,Taxa0419,マアジ,1,1,-3,2,517,517,0.8677721981069056,0.1725994099342759,0,NA,NA,NA,NA,Taxa0537_CausedBy_Taxa0419
Taxa0537,アカササノハベラ,Taxa0837,ミナミハコフグ,1,1,-5,2,495,495,0.8901190075747767,0.13960680653207289,0.0385,NA,NA,NA,NA,Taxa0537_CausedBy_Taxa0837
Taxa0537,アカササノハベラ,Taxa0795,ヒラメ,1,1,-1,2,539,539,0.8498302433677097,0.13032907016522577,0.007,NA,NA,NA,NA,Taxa0537_CausedBy_Taxa0795
Taxa0204,ナミノハナ,Taxa0544,ニシキベラ,1,1,0,2,533,533,0.9076694402348175,0.1403026348177616,0.0355,water_temp; tp = 0,tide; tp = -4,NA,NA,Taxa0204_CausedBy_Taxa0544
Taxa0204,ナミノハナ,Taxa0505,タカノハダイ,8,1,0,9,461,461,0.9556183391604679,0.050253251094710245,0.002,water_temp; tp = 0,tide; tp = -4,NA,NA,Taxa0204_CausedBy_Taxa0505
Taxa0204,ナミノハナ,Taxa0598,カエルウオ,1,1,0,2,533,533,0.9174456398491184,0.08874977042042896,0.0495,water_temp; tp = 0,tide; tp = -4,NA,NA,Taxa0204_CausedBy_Taxa0598
Taxa0204,ナミノハナ,Taxa0498,イシダイ,7,1,-4,8,471,471,1.0465013515463932,0.025385432679401874,0.028,water_temp; tp = 0,tide; tp = -4,NA,NA,Taxa0204_CausedBy_Taxa0498
Taxa0204,ナミノハナ,Taxa0780,マサバ・ゴマサバ複合種群,1,1,-5,2,482,482,1.144162529104249,0.018369548474743064,0.0305,water_temp; tp = 0,tide; tp = -4,NA,NA,Taxa0204_CausedBy_Taxa0780
Taxa0204,ナミノハナ,Taxa0837,ミナミハコフグ,1,1,0,2,533,533,0.9897359311370691,0.04767700476759029,0.034,water_temp; tp = 0,tide; tp = -4,NA,NA,Taxa0204_CausedBy_Taxa0837
Taxa0204,ナミノハナ,Taxa0476,ミナミハタンポ,1,1,-5,2,482,482,0.9686070491822172,0.050703976330894046,0.046,water_temp; tp = 0,tide; tp = -4,NA,NA,Taxa0204_CausedBy_Taxa0476
Taxa0673,イソハゼ,Taxa0451,クロダイ,1,1,0,2,550,550,0.9331795560643901,0.06915764642117762,0,NA,NA,NA,NA,Taxa0673_CausedBy_Taxa0451
Taxa0673,イソハゼ,Taxa0664,アゴハゼ,1,1,-3,2,517,517,1.0128867237455497,0.01437101707061229,0.044,NA,NA,NA,NA,Taxa0673_CausedBy_Taxa0664
Taxa0673,イソハゼ,Taxa0584,ヘビギンポ,1,1,0,2,550,550,0.8070773640923059,0.21433574902168023,0.0455,NA,NA,NA,NA,Taxa0673_CausedBy_Taxa0584
Taxa0673,イソハゼ,Taxa0594,ホシギンポ,1,1,-3,2,517,517,1.006481276901533,0.006602205666673296,0.033,NA,NA,NA,NA,Taxa0673_CausedBy_Taxa0594
Taxa0673,イソハゼ,Taxa0558,ベニツケギンポ,1,1,-4,2,506,506,0.9601392183271851,0.056773076300236903,0.0245,NA,NA,NA,NA,Taxa0673_CausedBy_Taxa0558
Taxa0673,イソハゼ,Taxa0665,ドロメ,1,1,-1,2,539,539,0.763971126699009,0.2788984315653772,0.0455,NA,NA,NA,NA,Taxa0673_CausedBy_Taxa0665
Taxa0673,イソハゼ,Taxa0708,キヌバリ,1,1,0,2,550,550,0.8612361414332845,0.149386548007785,0.0415,NA,NA,NA,NA,Taxa0673_CausedBy_Taxa0708
Taxa0673,イソハゼ,Taxa0541,カミナリベラ,2,1,0,3,539,539,0.923409673191763,0.07223337918507766,0.031,NA,NA,NA,NA,Taxa0673_CausedBy_Taxa0541
Taxa0673,イソハゼ,Taxa0049,ウルメイワシ,1,1,-3,2,517,517,0.8388989109258626,0.20626243633758526,0.001,NA,NA,NA,NA,Taxa0673_CausedBy_Taxa0049
Taxa0673,イソハゼ,Taxa0841,キタマクラ,1,1,-5,2,495,495,0.8047590479420333,0.15020791781548087,0.0035,NA,NA,NA,NA,Taxa0673_CausedBy_Taxa0841
Taxa0673,イソハゼ,Taxa0480,ノトイスズミ,1,1,-2,2,528,528,0.8682015938360049,0.15986126248444438,0.021,NA,NA,NA,NA,Taxa0673_CausedBy_Taxa0480
Taxa0673,イソハゼ,Taxa0795,ヒラメ,1,1,-4,2,506,506,0.8591095779867932,0.13504792203058888,0,NA,NA,NA,NA,Taxa0673_CausedBy_Taxa0795
Taxa0673,イソハゼ,Taxa0054,キビナゴ,1,1,-3,2,517,517,0.9963419987693086,0.026617929272423128,0.03,NA,NA,NA,NA,Taxa0673_CausedBy_Taxa0054
Taxa0665,ドロメ,Taxa0752,アイゴ,1,1,-1,2,519,519,0.9820415599837797,0.020369687045614194,0.0205,salinity; tp = -4,wave_m; tp = -3,tide; tp = -3,NA,Taxa0665_CausedBy_Taxa0752
Taxa0665,ドロメ,Taxa0558,ベニツケギンポ,1,1,-2,2,509,509,1.01289697598794,0.019182379146347323,0.023,salinity; tp = -4,wave_m; tp = -3,tide; tp = -3,NA,Taxa0665_CausedBy_Taxa0558
Taxa0665,ドロメ,Taxa0599,ナベカ,7,1,0,8,474,474,0.9332584920764532,0.013295737370478157,0.046,salinity; tp = -4,wave_m; tp = -3,tide; tp = -3,NA,Taxa0665_CausedBy_Taxa0599
Taxa0665,ドロメ,Taxa0204,ナミノハナ,1,1,-2,2,509,509,1.011168633603531,0.04421972720194046,0.032,salinity; tp = -4,wave_m; tp = -3,tide; tp = -3,NA,Taxa0665_CausedBy_Taxa0204
Taxa0665,ドロメ,Taxa0541,カミナリベラ,1,1,0,2,529,529,0.9311695545394258,0.06821679934598376,0.0135,salinity; tp = -4,wave_m; tp = -3,tide; tp = -3,NA,Taxa0665_CausedBy_Taxa0541
Taxa0665,ドロメ,Taxa0484,カゴカキダイ,1,1,-3,2,506,506,0.9814168810132152,0.08393640517090833,0.02,salinity; tp = -4,wave_m; tp = -3,tide; tp = -3,NA,Taxa0665_CausedBy_Taxa0484
Taxa0336,スズキ,Taxa0286,メバル属複合種群,1,1,-2,2,528,528,0.9990977172013117,0.020007487425824106,0.0445,NA,NA,NA,NA,Taxa0336_CausedBy_Taxa0286
Taxa0336,スズキ,Taxa0544,ニシキベラ,1,1,-2,2,528,528,0.9753488719806573,0.024268041587607,0,NA,NA,NA,NA,Taxa0336_CausedBy_Taxa0544
Taxa0336,スズキ,Taxa0505,タカノハダイ,1,1,-2,2,528,528,0.9931676014296821,0.02169936925086626,0.0095,NA,NA,NA,NA,Taxa0336_CausedBy_Taxa0505
Taxa0336,スズキ,Taxa0752,アイゴ,1,1,0,2,550,550,0.985544246511979,0.014561255871120771,0.032,NA,NA,NA,NA,Taxa0336_CausedBy_Taxa0752
Taxa0336,スズキ,Taxa0601,イソギンポ,1,1,0,2,550,550,0.9111600711902968,0.09303668783749662,0.0255,NA,NA,NA,NA,Taxa0336_CausedBy_Taxa0601
Taxa0336,スズキ,Taxa0045,カタクチイワシ,1,1,-6,2,484,484,0.6411404962406932,0.15728818738106343,0.0065,NA,NA,NA,NA,Taxa0336_CausedBy_Taxa0045
Taxa0336,スズキ,Taxa0537,アカササノハベラ,3,1,-5,4,495,495,0.9677360483623277,0.09538654268461835,0.0405,NA,NA,NA,NA,Taxa0336_CausedBy_Taxa0537
Taxa0336,スズキ,Taxa0053,マイワシ,1,1,-6,2,484,484,0.8654712848157905,0.20763720178609651,0.0105,NA,NA,NA,NA,Taxa0336_CausedBy_Taxa0053
Taxa0336,スズキ,Taxa0765,ニザダイ,1,1,-2,2,528,528,0.9820691151324638,0.016377891866847443,0.005,NA,NA,NA,NA,Taxa0336_CausedBy_Taxa0765
Taxa0336,スズキ,Taxa0049,ウルメイワシ,1,1,-1,2,539,539,0.9548621152382758,0.05617724852408793,0.007,NA,NA,NA,NA,Taxa0336_CausedBy_Taxa0049
Taxa0336,スズキ,Taxa0419,マアジ,1,1,-4,2,506,506,0.8594656358908734,0.19291497934779267,0.0415,NA,NA,NA,NA,Taxa0336_CausedBy_Taxa0419
Taxa0336,スズキ,Taxa0795,ヒラメ,1,1,-3,2,517,517,0.9518307094578754,0.025084082678673764,0.035,NA,NA,NA,NA,Taxa0336_CausedBy_Taxa0795
Taxa0336,スズキ,Taxa0016,トラウツボ,1,1,-1,2,539,539,0.99047209775452,0.0187058880115677,0.0345,NA,NA,NA,NA,Taxa0336_CausedBy_Taxa0016
Taxa0708,キヌバリ,Taxa0598,カエルウオ,1,1,0,2,529,529,0.8924801848594556,0.056243148465133376,0.0125,water_temp; tp = 0,salinity; tp = 0,NA,NA,Taxa0708_CausedBy_Taxa0598
Taxa0708,キヌバリ,Taxa0045,カタクチイワシ,1,1,-2,2,507,507,0.9575753641503966,0.059244185856057695,0.0315,water_temp; tp = 0,salinity; tp = 0,NA,NA,Taxa0708_CausedBy_Taxa0045
Taxa0708,キヌバリ,Taxa0204,ナミノハナ,1,1,-3,2,496,496,0.9464577062065944,0.16610321190229282,0.0385,water_temp; tp = 0,salinity; tp = 0,NA,NA,Taxa0708_CausedBy_Taxa0204
Taxa0708,キヌバリ,Taxa0336,スズキ,1,1,-3,2,496,496,0.9885342409886702,0.1867252323500266,0.0495,water_temp; tp = 0,salinity; tp = 0,NA,NA,Taxa0708_CausedBy_Taxa0336
Taxa0708,キヌバリ,Taxa0053,マイワシ,1,1,-6,2,463,463,1.1089863402727302,0.08615552744284766,0.0265,water_temp; tp = 0,salinity; tp = 0,NA,NA,Taxa0708_CausedBy_Taxa0053
Taxa0708,キヌバリ,Taxa0498,イシダイ,1,1,-6,2,463,463,1.1492739336635425,0.053682097622410885,5e-4,water_temp; tp = 0,salinity; tp = 0,NA,NA,Taxa0708_CausedBy_Taxa0498
Taxa0708,キヌバリ,Taxa0510,ウミタナゴ,1,1,-3,2,496,496,1.00082818082874,0.13695203250726393,0.036,water_temp; tp = 0,salinity; tp = 0,NA,NA,Taxa0708_CausedBy_Taxa0510
Taxa0708,キヌバリ,Taxa0541,カミナリベラ,1,1,0,2,529,529,0.8562461878702474,0.12392871041895936,0.0275,water_temp; tp = 0,salinity; tp = 0,NA,NA,Taxa0708_CausedBy_Taxa0541
Taxa0708,キヌバリ,Taxa0419,マアジ,1,1,-3,2,496,496,0.9763675359029216,0.22018947072270958,0.042,water_temp; tp = 0,salinity; tp = 0,NA,NA,Taxa0708_CausedBy_Taxa0419
Taxa0708,キヌバリ,Taxa0480,ノトイスズミ,1,1,-4,2,485,485,1.1487210886414447,0.05162032848552714,0.001,water_temp; tp = 0,salinity; tp = 0,NA,NA,Taxa0708_CausedBy_Taxa0480
Taxa0708,キヌバリ,Taxa0208,ギンイソイワシ,1,1,-6,2,463,463,0.42477903106542475,0.03572805999267248,0.009,water_temp; tp = 0,salinity; tp = 0,NA,NA,Taxa0708_CausedBy_Taxa0208
Taxa0053,マイワシ,Taxa0664,アゴハゼ,1,1,-3,2,517,517,0.8981569603121866,0.12691793527423972,0.004,tide; tp = -2,NA,NA,NA,Taxa0053_CausedBy_Taxa0664
Taxa0053,マイワシ,Taxa0201,ボラ,1,1,-5,2,495,495,0.980035561881195,0.05062299532773336,0.0105,tide; tp = -2,NA,NA,NA,Taxa0053_CausedBy_Taxa0201
Taxa0053,マイワシ,Taxa0594,ホシギンポ,1,1,-3,2,517,517,0.9220222748688044,0.09156155980389799,0.0215,tide; tp = -2,NA,NA,NA,Taxa0053_CausedBy_Taxa0594
Taxa0053,マイワシ,Taxa0558,ベニツケギンポ,1,1,-6,2,484,484,0.9397506277821628,0.05121313420189767,0.0405,tide; tp = -2,NA,NA,NA,Taxa0053_CausedBy_Taxa0558
Taxa0053,マイワシ,Taxa0616,コケギンポ,1,1,0,2,548,548,0.8864954452270417,0.12468976451784139,0.0055,tide; tp = -2,NA,NA,NA,Taxa0053_CausedBy_Taxa0616
Taxa0053,マイワシ,Taxa0837,ミナミハコフグ,1,1,0,2,548,548,0.9479815233898597,0.05108945520173569,0.019,tide; tp = -2,NA,NA,NA,Taxa0053_CausedBy_Taxa0837
Taxa0053,マイワシ,Taxa0658,クモハゼ,1,1,-3,2,517,517,0.8981264434434009,0.13184411367788695,0,tide; tp = -2,NA,NA,NA,Taxa0053_CausedBy_Taxa0658
Taxa0053,マイワシ,Taxa0534,ホンベラ,1,1,-5,2,495,495,0.8590545266682014,0.09016537379361912,0,tide; tp = -2,NA,NA,NA,Taxa0053_CausedBy_Taxa0534
Taxa0053,マイワシ,Taxa0016,トラウツボ,1,1,0,2,548,548,0.928551177369163,0.07452716108881892,0.049,tide; tp = -2,NA,NA,NA,Taxa0053_CausedBy_Taxa0016
Taxa0053,マイワシ,Taxa0476,ミナミハタンポ,1,1,-1,2,538,538,0.9419976041319499,0.06302370382703727,0.006,tide; tp = -2,NA,NA,NA,Taxa0053_CausedBy_Taxa0476
Taxa0053,マイワシ,Taxa0208,ギンイソイワシ,1,1,-4,2,506,506,0.40143774744788885,0.12879207039615737,0.01,tide; tp = -2,NA,NA,NA,Taxa0053_CausedBy_Taxa0208
Taxa0053,マイワシ,Taxa0054,キビナゴ,1,1,-2,2,528,528,0.9353743436599016,0.08166151527117174,0.026,tide; tp = -2,NA,NA,NA,Taxa0053_CausedBy_Taxa0054
Taxa0765,ニザダイ,Taxa0286,メバル属複合種群,10,1,0,11,451,451,0.9438166469739923,0.058789452832876656,0.003,wave_m; tp = -2,NA,NA,NA,Taxa0765_CausedBy_Taxa0286
Taxa0765,ニザダイ,Taxa0544,ニシキベラ,1,1,0,2,549,549,0.7581340401441328,0.2685337978822616,0.0015,wave_m; tp = -2,NA,NA,NA,Taxa0765_CausedBy_Taxa0544
Taxa0765,ニザダイ,Taxa0505,タカノハダイ,1,1,0,2,549,549,0.9176386756491584,0.07450398465684552,0.033,wave_m; tp = -2,NA,NA,NA,Taxa0765_CausedBy_Taxa0505
Taxa0765,ニザダイ,Taxa0598,カエルウオ,10,1,0,11,451,451,1.0066399363782168,0.03249035229989685,0.0045,wave_m; tp = -2,NA,NA,NA,Taxa0765_CausedBy_Taxa0598
Taxa0765,ニザダイ,Taxa0020,ウツボ,9,1,0,10,462,462,0.9928229550334452,0.07193790711098011,0,wave_m; tp = -2,NA,NA,NA,Taxa0765_CausedBy_Taxa0020
Taxa0765,ニザダイ,Taxa0752,アイゴ,1,1,0,2,549,549,0.8315255312156374,0.1704602660056247,0.0125,wave_m; tp = -2,NA,NA,NA,Taxa0765_CausedBy_Taxa0752
Taxa0765,ニザダイ,Taxa0045,カタクチイワシ,1,1,-4,2,506,506,0.9343270082075837,0.06442220355789699,0.006,wave_m; tp = -2,NA,NA,NA,Taxa0765_CausedBy_Taxa0045
Taxa0765,ニザダイ,Taxa0594,ホシギンポ,2,1,0,3,539,539,0.9814479719696227,0.02411906892172102,0.0175,wave_m; tp = -2,NA,NA,NA,Taxa0765_CausedBy_Taxa0594
Taxa0765,ニザダイ,Taxa0537,アカササノハベラ,8,1,-2,9,473,473,1.059094495448621,0.03696915997717622,0.0035,wave_m; tp = -2,NA,NA,NA,Taxa0765_CausedBy_Taxa0537
Taxa0765,ニザダイ,Taxa0673,イソハゼ,1,1,-3,2,517,517,0.8138407917269664,0.1344204009982185,0.043,wave_m; tp = -2,NA,NA,NA,Taxa0765_CausedBy_Taxa0673
Taxa0765,ニザダイ,Taxa0510,ウミタナゴ,9,1,-3,10,462,462,0.9233112569706869,0.022002707421541548,0.009,wave_m; tp = -2,NA,NA,NA,Taxa0765_CausedBy_Taxa0510
Taxa0765,ニザダイ,Taxa0337,ヒラスズキ,6,1,-2,7,495,495,0.9560883243627849,0.028505107921208583,0.0025,wave_m; tp = -2,NA,NA,NA,Taxa0765_CausedBy_Taxa0337
Taxa0765,ニザダイ,Taxa0541,カミナリベラ,7,1,-2,8,484,484,0.7529121347461151,0.03258552431687012,0.0315,wave_m; tp = -2,NA,NA,NA,Taxa0765_CausedBy_Taxa0541
Taxa0765,ニザダイ,Taxa0049,ウルメイワシ,10,1,-4,11,451,451,0.7896473513515092,0.004241606304689893,0.0225,wave_m; tp = -2,NA,NA,NA,Taxa0765_CausedBy_Taxa0049
Taxa0765,ニザダイ,Taxa0795,ヒラメ,9,1,-2,10,462,462,0.9745675098295742,0.06301063018869285,0.007,wave_m; tp = -2,NA,NA,NA,Taxa0765_CausedBy_Taxa0795
Taxa0498,イシダイ,Taxa0849,クサフグ,1,1,-4,2,493,493,0.9932508636364347,0.05699680139672211,0.026,water_temp; tp = 0,tide; tp = -3,NA,NA,Taxa0498_CausedBy_Taxa0849
Taxa0498,イシダイ,Taxa0664,アゴハゼ,1,1,-6,2,471,471,1.0073809812937207,0.03836251164392421,0.032,water_temp; tp = 0,tide; tp = -3,NA,NA,Taxa0498_CausedBy_Taxa0664
Taxa0498,イシダイ,Taxa0286,メバル属複合種群,1,1,-4,2,493,493,0.9530431484521023,0.07504297377446717,0.05,water_temp; tp = 0,tide; tp = -3,NA,NA,Taxa0498_CausedBy_Taxa0286
Taxa0498,イシダイ,Taxa0201,ボラ,1,1,-4,2,493,493,1.0118562085280465,0.06061016539511348,0.045,water_temp; tp = 0,tide; tp = -3,NA,NA,Taxa0498_CausedBy_Taxa0201
Taxa0498,イシダイ,Taxa0505,タカノハダイ,1,1,0,2,534,534,0.8602258174534355,0.09504083073464856,0.0455,water_temp; tp = 0,tide; tp = -3,NA,NA,Taxa0498_CausedBy_Taxa0505
Taxa0498,イシダイ,Taxa0562,コモンイトギンポ,1,1,-5,2,482,482,0.9659525157886697,0.025016185351013465,0.045,water_temp; tp = 0,tide; tp = -3,NA,NA,Taxa0498_CausedBy_Taxa0562
Taxa0498,イシダイ,Taxa0208,ギンイソイワシ,1,1,-4,2,493,493,0.37263522633054624,0.24587809128515403,0,water_temp; tp = 0,tide; tp = -3,NA,NA,Taxa0498_CausedBy_Taxa0208
Taxa0510,ウミタナゴ,Taxa0479,メジナ,2,1,-6,3,474,474,1.0790368656644826,0.026899247172601934,0.036,water_temp; tp = -6,NA,NA,NA,Taxa0510_CausedBy_Taxa0479
Taxa0510,ウミタナゴ,Taxa0849,クサフグ,2,1,-1,3,523,523,0.963492140686737,0.07072541198168097,0.037,water_temp; tp = -6,NA,NA,NA,Taxa0510_CausedBy_Taxa0849
Taxa0510,ウミタナゴ,Taxa0664,アゴハゼ,1,1,-1,2,523,523,0.8930808985391829,0.13838162161582454,5e-4,water_temp; tp = -6,NA,NA,NA,Taxa0510_CausedBy_Taxa0664
Taxa0510,ウミタナゴ,Taxa0544,ニシキベラ,8,1,-3,9,463,463,0.9651089231410842,0.04596153187361917,0.0015,water_temp; tp = -6,NA,NA,NA,Taxa0510_CausedBy_Taxa0544
Taxa0510,ウミタナゴ,Taxa0594,ホシギンポ,1,1,-1,2,523,523,0.8763065856178385,0.14554108087206377,0.015,water_temp; tp = -6,NA,NA,NA,Taxa0510_CausedBy_Taxa0594
Taxa0510,ウミタナゴ,Taxa0599,ナベカ,8,1,0,9,463,463,0.9410479270903247,0.04291578679351586,0.021,water_temp; tp = -6,NA,NA,NA,Taxa0510_CausedBy_Taxa0599
Taxa0510,ウミタナゴ,Taxa0336,スズキ,1,1,-1,2,523,523,0.9174704966356213,0.11561773689802016,0.0175,water_temp; tp = -6,NA,NA,NA,Taxa0510_CausedBy_Taxa0336
Taxa0510,ウミタナゴ,Taxa0780,マサバ・ゴマサバ複合種群,1,1,-1,2,523,523,0.8766379778729206,0.11239945366252777,0.0135,water_temp; tp = -6,NA,NA,NA,Taxa0510_CausedBy_Taxa0780
Taxa0510,ウミタナゴ,Taxa0541,カミナリベラ,1,1,-1,2,523,523,0.9162170430636504,0.06389949797550984,0.048,water_temp; tp = -6,NA,NA,NA,Taxa0510_CausedBy_Taxa0541
Taxa0510,ウミタナゴ,Taxa0419,マアジ,1,1,-1,2,523,523,0.9045691282315891,0.12651706212436845,0.022,water_temp; tp = -6,NA,NA,NA,Taxa0510_CausedBy_Taxa0419
Taxa0510,ウミタナゴ,Taxa0480,ノトイスズミ,1,1,-1,2,523,523,0.9211871724237835,0.10377341216842226,0.0055,water_temp; tp = -6,NA,NA,NA,Taxa0510_CausedBy_Taxa0480
Taxa0510,ウミタナゴ,Taxa0562,コモンイトギンポ,1,1,-4,2,493,493,0.8932056998721971,0.13711272937623611,0.0285,water_temp; tp = -6,NA,NA,NA,Taxa0510_CausedBy_Taxa0562
Taxa0510,ウミタナゴ,Taxa0795,ヒラメ,8,1,0,9,463,463,1.0265847665136583,0.011138069093717076,0.0125,water_temp; tp = -6,NA,NA,NA,Taxa0510_CausedBy_Taxa0795
Taxa0616,コケギンポ,Taxa0479,メジナ,2,1,-2,3,528,528,0.9846993650057724,0.05050180884483628,0,NA,NA,NA,NA,Taxa0616_CausedBy_Taxa0479
Taxa0616,コケギンポ,Taxa0849,クサフグ,4,1,-3,5,517,517,1.003188211408955,0.006164559862917576,0.0335,NA,NA,NA,NA,Taxa0616_CausedBy_Taxa0849
Taxa0616,コケギンポ,Taxa0451,クロダイ,1,1,-5,2,495,495,0.8233330174092208,0.1670070430924229,0.038,NA,NA,NA,NA,Taxa0616_CausedBy_Taxa0451
Taxa0616,コケギンポ,Taxa0286,メバル属複合種群,2,1,-6,3,484,484,1.003596706802657,0.0746477566757742,0.0365,NA,NA,NA,NA,Taxa0616_CausedBy_Taxa0286
Taxa0616,コケギンポ,Taxa0544,ニシキベラ,2,1,-2,3,528,528,0.9630907356379308,0.009959834145112503,0.0015,NA,NA,NA,NA,Taxa0616_CausedBy_Taxa0544
Taxa0616,コケギンポ,Taxa0201,ボラ,5,1,-5,6,495,495,1.0375681811108293,0.002426598146035852,0.0165,NA,NA,NA,NA,Taxa0616_CausedBy_Taxa0201
Taxa0616,コケギンポ,Taxa0505,タカノハダイ,2,1,-6,3,484,484,1.0272509172418605,0.04034740651953047,0.045,NA,NA,NA,NA,Taxa0616_CausedBy_Taxa0505
Taxa0616,コケギンポ,Taxa0020,ウツボ,5,1,-6,6,484,484,1.033461063627736,0.0024852950477749214,0.0105,NA,NA,NA,NA,Taxa0616_CausedBy_Taxa0020
Taxa0616,コケギンポ,Taxa0324,アヤアナハゼ,2,1,0,3,539,539,0.9241906319525641,0.09452895539772944,0.039,NA,NA,NA,NA,Taxa0616_CausedBy_Taxa0324
Taxa0616,コケギンポ,Taxa0045,カタクチイワシ,4,1,-4,5,506,506,0.9697128260890693,0.024456146492718427,0.03,NA,NA,NA,NA,Taxa0616_CausedBy_Taxa0045
Taxa0616,コケギンポ,Taxa0584,ヘビギンポ,2,1,-2,3,528,528,0.8309613100225683,0.026195308463674932,0.0015,NA,NA,NA,NA,Taxa0616_CausedBy_Taxa0584
Taxa0616,コケギンポ,Taxa0594,ホシギンポ,2,1,-1,3,539,539,0.9970213929363378,0.009688225430977209,0.005,NA,NA,NA,NA,Taxa0616_CausedBy_Taxa0594
Taxa0616,コケギンポ,Taxa0558,ベニツケギンポ,2,1,0,3,539,539,0.9078531671365272,0.07343604988280568,0.0385,NA,NA,NA,NA,Taxa0616_CausedBy_Taxa0558
Taxa0616,コケギンポ,Taxa0708,キヌバリ,2,1,-5,3,495,495,1.0007310675741001,0.17230665236294293,0.0275,NA,NA,NA,NA,Taxa0616_CausedBy_Taxa0708
Taxa0616,コケギンポ,Taxa0841,キタマクラ,2,1,-1,3,539,539,0.9678348027189502,0.02260797181989823,0.021,NA,NA,NA,NA,Taxa0616_CausedBy_Taxa0841
Taxa0616,コケギンポ,Taxa0419,マアジ,5,1,0,6,506,506,0.9262111878214978,0.10055641574439303,0.0405,NA,NA,NA,NA,Taxa0616_CausedBy_Taxa0419
Taxa0616,コケギンポ,Taxa0837,ミナミハコフグ,2,1,-5,3,495,495,0.9203403690856153,0.12881389418454986,0.001,NA,NA,NA,NA,Taxa0616_CausedBy_Taxa0837
Taxa0616,コケギンポ,Taxa0795,ヒラメ,3,1,-6,4,484,484,0.97549755255173,0.02985974665632152,0,NA,NA,NA,NA,Taxa0616_CausedBy_Taxa0795
Taxa0616,コケギンポ,Taxa0016,トラウツボ,4,1,-3,5,517,517,1.0032111029866648,0.008368580737038745,0.0235,NA,NA,NA,NA,Taxa0616_CausedBy_Taxa0016
Taxa0538,ホシササノハベラ,Taxa0045,カタクチイワシ,10,1,-4,11,441,441,1.1283151130549,0.016694206597040115,0.031,salinity; tp = -6,NA,NA,NA,Taxa0538_CausedBy_Taxa0045
Taxa0538,ホシササノハベラ,Taxa0665,ドロメ,1,1,-2,2,507,507,0.9795348734896254,0.05840424860313047,0.039,salinity; tp = -6,NA,NA,NA,Taxa0538_CausedBy_Taxa0665
Taxa0538,ホシササノハベラ,Taxa0336,スズキ,1,1,-5,2,484,484,0.9331823815212477,0.13237245206446127,0.0195,salinity; tp = -6,NA,NA,NA,Taxa0538_CausedBy_Taxa0336
Taxa0538,ホシササノハベラ,Taxa0708,キヌバリ,1,1,-4,2,487,487,0.9557440292255879,0.0633047030539986,0.015,salinity; tp = -6,NA,NA,NA,Taxa0538_CausedBy_Taxa0708
Taxa0538,ホシササノハベラ,Taxa0780,マサバ・ゴマサバ複合種群,1,1,-6,2,474,474,0.998803101259484,0.07589096509876703,0.009,salinity; tp = -6,NA,NA,NA,Taxa0538_CausedBy_Taxa0780
Taxa0538,ホシササノハベラ,Taxa0337,ヒラスズキ,1,1,-4,2,487,487,0.9722002561532863,0.0397685500565823,0.049,salinity; tp = -6,NA,NA,NA,Taxa0538_CausedBy_Taxa0337
Taxa0538,ホシササノハベラ,Taxa0325,アナハゼ,1,1,0,2,527,527,0.9607327415658571,0.0791155031631117,0.018,salinity; tp = -6,NA,NA,NA,Taxa0538_CausedBy_Taxa0325
Taxa0538,ホシササノハベラ,Taxa0419,マアジ,1,1,-5,2,484,484,0.9125336278451722,0.12779972388662514,0.008,salinity; tp = -6,NA,NA,NA,Taxa0538_CausedBy_Taxa0419
Taxa0538,ホシササノハベラ,Taxa0837,ミナミハコフグ,5,1,-2,6,487,487,0.8358671455133062,0.02258126022019616,0.0315,salinity; tp = -6,NA,NA,NA,Taxa0538_CausedBy_Taxa0837
Taxa0538,ホシササノハベラ,Taxa0562,コモンイトギンポ,1,1,-5,2,484,484,0.9733226124286793,0.0821497492001994,0.017,salinity; tp = -6,NA,NA,NA,Taxa0538_CausedBy_Taxa0562
Taxa0538,ホシササノハベラ,Taxa0795,ヒラメ,1,1,-2,2,507,507,0.8850628295230197,0.0947184632918558,0.008,salinity; tp = -6,NA,NA,NA,Taxa0538_CausedBy_Taxa0795
Taxa0538,ホシササノハベラ,Taxa0016,トラウツボ,1,1,-3,2,497,497,0.9694983028736861,0.0726909885819694,0.0195,salinity; tp = -6,NA,NA,NA,Taxa0538_CausedBy_Taxa0016
Taxa0780,マサバ・ゴマサバ複合種群,Taxa0849,クサフグ,1,1,-6,2,484,484,0.9542660354690011,0.07649110809838952,0.0105,tide; tp = -1,NA,NA,NA,Taxa0780_CausedBy_Taxa0849
Taxa0780,マサバ・ゴマサバ複合種群,Taxa0664,アゴハゼ,1,1,-6,2,484,484,0.9434591471307953,0.11813418928350469,0.001,tide; tp = -1,NA,NA,NA,Taxa0780_CausedBy_Taxa0664
Taxa0780,マサバ・ゴマサバ複合種群,Taxa0201,ボラ,1,1,-6,2,484,484,0.9735782613897754,0.058812985968138234,0.037,tide; tp = -1,NA,NA,NA,Taxa0780_CausedBy_Taxa0201
Taxa0780,マサバ・ゴマサバ複合種群,Taxa0505,タカノハダイ,1,1,0,2,549,549,0.9675762942150988,0.03533560708820296,0.0495,tide; tp = -1,NA,NA,NA,Taxa0780_CausedBy_Taxa0505
Taxa0780,マサバ・ゴマサバ複合種群,Taxa0045,カタクチイワシ,1,1,-5,2,495,495,0.6479912660567912,0.14662110952828877,0.002,tide; tp = -1,NA,NA,NA,Taxa0780_CausedBy_Taxa0045
Taxa0780,マサバ・ゴマサバ複合種群,Taxa0594,ホシギンポ,1,1,-6,2,484,484,0.9237634779688676,0.12225677469600085,0,tide; tp = -1,NA,NA,NA,Taxa0780_CausedBy_Taxa0594
Taxa0780,マサバ・ゴマサバ複合種群,Taxa0053,マイワシ,1,1,-2,2,528,528,0.8839527420318055,0.14019032556223324,0,tide; tp = -1,NA,NA,NA,Taxa0780_CausedBy_Taxa0053
Taxa0780,マサバ・ゴマサバ複合種群,Taxa0476,ミナミハタンポ,1,1,0,2,549,549,0.9078096316032012,0.09155524507552687,0.0045,tide; tp = -1,NA,NA,NA,Taxa0780_CausedBy_Taxa0476
Taxa0780,マサバ・ゴマサバ複合種群,Taxa0208,ギンイソイワシ,1,1,-4,2,506,506,0.39222788313789514,0.12508273351214683,0.0035,tide; tp = -1,NA,NA,NA,Taxa0780_CausedBy_Taxa0208
Taxa0337,ヒラスズキ,Taxa0479,メジナ,1,1,-1,2,539,539,1.0006840189422272,0.00815407797334708,0.0435,NA,NA,NA,NA,Taxa0337_CausedBy_Taxa0479
Taxa0337,ヒラスズキ,Taxa0849,クサフグ,1,1,0,2,550,550,0.9744434705147097,0.025888770424418606,0.0305,NA,NA,NA,NA,Taxa0337_CausedBy_Taxa0849
Taxa0337,ヒラスズキ,Taxa0584,ヘビギンポ,1,1,-6,2,484,484,0.46538040033795763,0.13664328052734553,0.031,NA,NA,NA,NA,Taxa0337_CausedBy_Taxa0584
Taxa0337,ヒラスズキ,Taxa0419,マアジ,1,1,-4,2,506,506,1.0314868831218016,0.01046920574376813,0.006,NA,NA,NA,NA,Taxa0337_CausedBy_Taxa0419
Taxa0337,ヒラスズキ,Taxa0208,ギンイソイワシ,1,1,-6,2,484,484,0.4301513002547666,0.05285060395580743,0.0335,NA,NA,NA,NA,Taxa0337_CausedBy_Taxa0208
Taxa0541,カミナリベラ,Taxa0849,クサフグ,8,1,0,9,460,460,0.9205480165645773,0.034508207536645095,0.032,water_temp; tp = -1,tide; tp = 0,NA,NA,Taxa0541_CausedBy_Taxa0849
Taxa0541,カミナリベラ,Taxa0286,メバル属複合種群,1,1,-4,2,493,493,1.031366238120144,0.029344483757245517,0.024,water_temp; tp = -1,tide; tp = 0,NA,NA,Taxa0541_CausedBy_Taxa0286
Taxa0541,カミナリベラ,Taxa0505,タカノハダイ,8,1,0,9,460,460,0.9678315618429314,0.03631951070212752,0.0045,water_temp; tp = -1,tide; tp = 0,NA,NA,Taxa0541_CausedBy_Taxa0505
Taxa0541,カミナリベラ,Taxa0598,カエルウオ,3,1,-4,4,493,493,0.7985828129340988,0.0385141814694272,0.0305,water_temp; tp = -1,tide; tp = 0,NA,NA,Taxa0541_CausedBy_Taxa0598
Taxa0541,カミナリベラ,Taxa0045,カタクチイワシ,3,1,-1,4,515,515,0.9460301657999335,0.023021299262325122,0.0325,water_temp; tp = -1,tide; tp = 0,NA,NA,Taxa0541_CausedBy_Taxa0045
Taxa0541,カミナリベラ,Taxa0599,ナベカ,1,1,0,2,536,536,0.8613376055161857,0.07743851538635114,0.0435,water_temp; tp = -1,tide; tp = 0,NA,NA,Taxa0541_CausedBy_Taxa0599
Taxa0541,カミナリベラ,Taxa0708,キヌバリ,7,1,0,8,471,471,0.9942690138502762,0.03970331277303413,0.0035,water_temp; tp = -1,tide; tp = 0,NA,NA,Taxa0541_CausedBy_Taxa0708
Taxa0541,カミナリベラ,Taxa0053,マイワシ,1,1,-3,2,504,504,1.0123868463086902,0.023388123466735147,0.0055,water_temp; tp = -1,tide; tp = 0,NA,NA,Taxa0541_CausedBy_Taxa0053
Taxa0541,カミナリベラ,Taxa0616,コケギンポ,1,1,-2,2,515,515,0.9925383828540545,0.0475621996270904,0.024,water_temp; tp = -1,tide; tp = 0,NA,NA,Taxa0541_CausedBy_Taxa0616
Taxa0541,カミナリベラ,Taxa0780,マサバ・ゴマサバ複合種群,1,1,-4,2,493,493,0.9453790314825586,0.03882195004147434,0.0015,water_temp; tp = -1,tide; tp = 0,NA,NA,Taxa0541_CausedBy_Taxa0780
Taxa0541,カミナリベラ,Taxa0054,キビナゴ,1,1,-6,2,471,471,1.0889794329267093,0.01687289956007197,0.034,water_temp; tp = -1,tide; tp = 0,NA,NA,Taxa0541_CausedBy_Taxa0054
Taxa0049,ウルメイワシ,Taxa0479,メジナ,1,1,-5,2,482,482,0.9883894402550976,0.0778985615326954,0.0225,water_temp; tp = 0,NA,NA,NA,Taxa0049_CausedBy_Taxa0479
Taxa0049,ウルメイワシ,Taxa0849,クサフグ,1,1,-3,2,504,504,0.9478838626815629,0.07161512714976369,0.0155,water_temp; tp = 0,NA,NA,NA,Taxa0049_CausedBy_Taxa0849
Taxa0049,ウルメイワシ,Taxa0664,アゴハゼ,1,1,-3,2,504,504,0.9273587379128541,0.11582610546795305,0.0015,water_temp; tp = 0,NA,NA,NA,Taxa0049_CausedBy_Taxa0664
Taxa0049,ウルメイワシ,Taxa0598,カエルウオ,1,1,-3,2,504,504,0.8113671410051693,0.08633619803416301,0.0135,water_temp; tp = 0,NA,NA,NA,Taxa0049_CausedBy_Taxa0598
Taxa0049,ウルメイワシ,Taxa0020,ウツボ,1,1,-5,2,482,482,1.0041756073875792,0.051558262217400015,0.02,water_temp; tp = 0,NA,NA,NA,Taxa0049_CausedBy_Taxa0020
Taxa0049,ウルメイワシ,Taxa0324,アヤアナハゼ,1,1,-5,2,482,482,0.9483234462591356,0.08065612545336537,0.016,water_temp; tp = 0,NA,NA,NA,Taxa0049_CausedBy_Taxa0324
Taxa0049,ウルメイワシ,Taxa0594,ホシギンポ,1,1,-3,2,504,504,0.9115165470131881,0.1291689298160858,0.02,water_temp; tp = 0,NA,NA,NA,Taxa0049_CausedBy_Taxa0594
Taxa0049,ウルメイワシ,Taxa0477,クロメジナ,1,1,-5,2,482,482,0.9647279937882721,0.07183368830405261,0.025,water_temp; tp = 0,NA,NA,NA,Taxa0049_CausedBy_Taxa0477
Taxa0049,ウルメイワシ,Taxa0537,アカササノハベラ,1,1,0,2,537,537,0.9393145329560265,0.0880484895150643,0.0465,water_temp; tp = 0,NA,NA,NA,Taxa0049_CausedBy_Taxa0537
Taxa0049,ウルメイワシ,Taxa0204,ナミノハナ,1,1,-6,2,471,471,0.8747003333068188,0.18633529462809897,0.0115,water_temp; tp = 0,NA,NA,NA,Taxa0049_CausedBy_Taxa0204
Taxa0049,ウルメイワシ,Taxa0336,スズキ,1,1,-3,2,504,504,1.0270672969629822,0.01817436323794514,0.0025,water_temp; tp = 0,NA,NA,NA,Taxa0049_CausedBy_Taxa0336
Taxa0049,ウルメイワシ,Taxa0053,マイワシ,1,1,-1,2,526,526,0.8866780641699361,0.14374845148180596,0,water_temp; tp = 0,NA,NA,NA,Taxa0049_CausedBy_Taxa0053
Taxa0049,ウルメイワシ,Taxa0498,イシダイ,1,1,-1,2,526,526,0.9130011576025774,0.11873237132308484,0.0255,water_temp; tp = 0,NA,NA,NA,Taxa0049_CausedBy_Taxa0498
Taxa0049,ウルメイワシ,Taxa0538,ホシササノハベラ,1,1,-2,2,515,515,0.9523821537274723,0.10380814999701793,0.0085,water_temp; tp = 0,NA,NA,NA,Taxa0049_CausedBy_Taxa0538
Taxa0049,ウルメイワシ,Taxa0841,キタマクラ,1,1,-3,2,504,504,0.8130329743239452,0.11290150307079008,0.008,water_temp; tp = 0,NA,NA,NA,Taxa0049_CausedBy_Taxa0841
Taxa0049,ウルメイワシ,Taxa0837,ミナミハコフグ,1,1,-6,2,471,471,1.0513963955730485,0.03537529329894808,0.028,water_temp; tp = 0,NA,NA,NA,Taxa0049_CausedBy_Taxa0837
Taxa0049,ウルメイワシ,Taxa0658,クモハゼ,1,1,0,2,537,537,0.8998764755351785,0.11359366761218631,0.025,water_temp; tp = 0,NA,NA,NA,Taxa0049_CausedBy_Taxa0658
Taxa0049,ウルメイワシ,Taxa0795,ヒラメ,1,1,0,2,537,537,0.8668551098723086,0.14039084471438854,0.0055,water_temp; tp = 0,NA,NA,NA,Taxa0049_CausedBy_Taxa0795
Taxa0049,ウルメイワシ,Taxa0534,ホンベラ,1,1,-2,2,515,515,0.96286993565689,0.06988801805357221,0.0095,water_temp; tp = 0,NA,NA,NA,Taxa0049_CausedBy_Taxa0534
Taxa0049,ウルメイワシ,Taxa0476,ミナミハタンポ,1,1,-4,2,493,493,0.9466525929220475,0.07365797218574865,0.027,water_temp; tp = 0,NA,NA,NA,Taxa0049_CausedBy_Taxa0476
Taxa0841,キタマクラ,Taxa0664,アゴハゼ,1,1,-3,2,506,506,0.9264331369975823,0.10377315740450548,0.003,salinity; tp = -4,NA,NA,NA,Taxa0841_CausedBy_Taxa0664
Taxa0841,キタマクラ,Taxa0207,ムギイワシ,2,1,-1,3,519,519,0.933710807956919,0.07382153997969523,0.007,salinity; tp = -4,NA,NA,NA,Taxa0841_CausedBy_Taxa0207
Taxa0841,キタマクラ,Taxa0201,ボラ,2,1,-3,3,506,506,0.9924786685595545,0.051137912848945206,0.023,salinity; tp = -4,NA,NA,NA,Taxa0841_CausedBy_Taxa0201
Taxa0841,キタマクラ,Taxa0324,アヤアナハゼ,2,1,-2,3,509,509,0.9772878370266322,0.03512450459617968,0.0465,salinity; tp = -4,NA,NA,NA,Taxa0841_CausedBy_Taxa0324
Taxa0841,キタマクラ,Taxa0584,ヘビギンポ,1,1,-2,2,509,509,0.7734070736611115,0.12284157580610205,0.0335,salinity; tp = -4,NA,NA,NA,Taxa0841_CausedBy_Taxa0584
Taxa0841,キタマクラ,Taxa0594,ホシギンポ,6,1,-3,7,485,485,1.0104097072485467,0.060770644028721774,0.0225,salinity; tp = -4,NA,NA,NA,Taxa0841_CausedBy_Taxa0594
Taxa0841,キタマクラ,Taxa0477,クロメジナ,2,1,-2,3,509,509,0.9556913105496143,0.04964268694997833,0.013,salinity; tp = -4,NA,NA,NA,Taxa0841_CausedBy_Taxa0477
Taxa0841,キタマクラ,Taxa0204,ナミノハナ,1,1,-5,2,485,485,0.9206455653206828,0.11843538033838855,0.041,salinity; tp = -4,NA,NA,NA,Taxa0841_CausedBy_Taxa0204
Taxa0841,キタマクラ,Taxa0336,スズキ,2,1,-1,3,519,519,0.9622744806816014,0.09384987644967607,0.024,salinity; tp = -4,NA,NA,NA,Taxa0841_CausedBy_Taxa0336
Taxa0841,キタマクラ,Taxa0510,ウミタナゴ,2,1,-1,3,519,519,0.8417463437916998,0.1042930078674474,5e-4,salinity; tp = -4,NA,NA,NA,Taxa0841_CausedBy_Taxa0510
Taxa0841,キタマクラ,Taxa0562,コモンイトギンポ,6,1,-1,7,485,485,1.063091797509134,0.0800730122823162,0.0085,salinity; tp = -4,NA,NA,NA,Taxa0841_CausedBy_Taxa0562
Taxa0841,キタマクラ,Taxa0658,クモハゼ,2,1,0,3,519,519,0.9340668440541487,0.0965967314859778,0.0015,salinity; tp = -4,NA,NA,NA,Taxa0841_CausedBy_Taxa0658
Taxa0841,キタマクラ,Taxa0795,ヒラメ,2,1,-2,3,509,509,0.8903082083892829,0.07502164949896567,0.023,salinity; tp = -4,NA,NA,NA,Taxa0841_CausedBy_Taxa0795
Taxa0841,キタマクラ,Taxa0208,ギンイソイワシ,1,1,-5,2,485,485,0.4070484623834121,0.11605776978451188,0.046,salinity; tp = -4,NA,NA,NA,Taxa0841_CausedBy_Taxa0208
Taxa0325,アナハゼ,Taxa0286,メバル属複合種群,1,1,-4,2,493,493,1.0337146732056943,0.038285392263289475,0.0495,water_temp; tp = 0,tide; tp = -4,NA,NA,Taxa0325_CausedBy_Taxa0286
Taxa0325,アナハゼ,Taxa0544,ニシキベラ,1,1,-3,2,503,503,0.9974092517078628,0.049100799569449176,0.045,water_temp; tp = 0,tide; tp = -4,NA,NA,Taxa0325_CausedBy_Taxa0544
Taxa0325,アナハゼ,Taxa0505,タカノハダイ,1,1,-4,2,493,493,0.9276105367527742,0.035180202408890617,0.0485,water_temp; tp = 0,tide; tp = -4,NA,NA,Taxa0325_CausedBy_Taxa0505
Taxa0325,アナハゼ,Taxa0324,アヤアナハゼ,1,1,-2,2,513,513,1.032537320215854,0.04740517910854887,0.0455,water_temp; tp = 0,tide; tp = -4,NA,NA,Taxa0325_CausedBy_Taxa0324
Taxa0325,アナハゼ,Taxa0601,イソギンポ,1,1,0,2,533,533,0.9508436394290519,0.04929858612636956,0.0455,water_temp; tp = 0,tide; tp = -4,NA,NA,Taxa0325_CausedBy_Taxa0601
Taxa0325,アナハゼ,Taxa0599,ナベカ,1,1,-2,2,513,513,0.956806163823394,0.0805833009400776,0.025,water_temp; tp = 0,tide; tp = -4,NA,NA,Taxa0325_CausedBy_Taxa0599
Taxa0325,アナハゼ,Taxa0510,ウミタナゴ,1,1,-2,2,513,513,0.945236702244247,0.03854297156608795,0.0115,water_temp; tp = 0,tide; tp = -4,NA,NA,Taxa0325_CausedBy_Taxa0510
Taxa0325,アナハゼ,Taxa0616,コケギンポ,1,1,0,2,533,533,0.9251472121790426,0.047928761895667644,0.035,water_temp; tp = 0,tide; tp = -4,NA,NA,Taxa0325_CausedBy_Taxa0616
Taxa0325,アナハゼ,Taxa0562,コモンイトギンポ,1,1,-5,2,482,482,0.9590226616205983,0.10528020428701479,0.014,water_temp; tp = 0,tide; tp = -4,NA,NA,Taxa0325_CausedBy_Taxa0562
Taxa0325,アナハゼ,Taxa0484,カゴカキダイ,1,1,-1,2,523,523,0.9622823558221438,0.04159932353154501,0.0365,water_temp; tp = 0,tide; tp = -4,NA,NA,Taxa0325_CausedBy_Taxa0484
Taxa0325,アナハゼ,Taxa0476,ミナミハタンポ,1,1,-3,2,503,503,0.9614652482766798,0.07567184802832813,0.031,water_temp; tp = 0,tide; tp = -4,NA,NA,Taxa0325_CausedBy_Taxa0476
Taxa0419,マアジ,Taxa0664,アゴハゼ,1,1,-1,2,505,505,1.0196597296004375,0.00170794105557677,0.02,water_temp; tp = -1,salinity; tp = 0,wave_m; tp = -2,tide; tp = -4,Taxa0419_CausedBy_Taxa0664
Taxa0419,マアジ,Taxa0207,ムギイワシ,1,1,-4,2,475,475,0.622344488173899,0.03619889806361937,0.0275,water_temp; tp = -1,salinity; tp = 0,wave_m; tp = -2,tide; tp = -4,Taxa0419_CausedBy_Taxa0207
Taxa0419,マアジ,Taxa0601,イソギンポ,1,1,0,2,514,514,0.9534192183969573,0.01228297934206525,0.032,water_temp; tp = -1,salinity; tp = 0,wave_m; tp = -2,tide; tp = -4,Taxa0419_CausedBy_Taxa0601
Taxa0419,マアジ,Taxa0594,ホシギンポ,1,1,-2,2,495,495,1.0627723381862508,0.006181270570814967,0.0025,water_temp; tp = -1,salinity; tp = 0,wave_m; tp = -2,tide; tp = -4,Taxa0419_CausedBy_Taxa0594
Taxa0419,マアジ,Taxa0477,クロメジナ,1,1,-4,2,475,475,0.7809685692535709,0.004424013991307679,0.011,water_temp; tp = -1,salinity; tp = 0,wave_m; tp = -2,tide; tp = -4,Taxa0419_CausedBy_Taxa0477
Taxa0419,マアジ,Taxa0204,ナミノハナ,1,1,0,2,514,514,1.086219177950698,0.004784443299544541,0.0015,water_temp; tp = -1,salinity; tp = 0,wave_m; tp = -2,tide; tp = -4,Taxa0419_CausedBy_Taxa0204
Taxa0419,マアジ,Taxa0665,ドロメ,1,1,0,2,514,514,1.0346687373858634,0.010824120713385663,0.003,water_temp; tp = -1,salinity; tp = 0,wave_m; tp = -2,tide; tp = -4,Taxa0419_CausedBy_Taxa0665
Taxa0419,マアジ,Taxa0336,スズキ,1,1,0,2,514,514,0.9597134437737871,0.08135673207513697,0,water_temp; tp = -1,salinity; tp = 0,wave_m; tp = -2,tide; tp = -4,Taxa0419_CausedBy_Taxa0336
Taxa0419,マアジ,Taxa0708,キヌバリ,1,1,-3,2,485,485,1.0278008959781881,0.011642015066267032,0.0145,water_temp; tp = -1,salinity; tp = 0,wave_m; tp = -2,tide; tp = -4,Taxa0419_CausedBy_Taxa0708
Taxa0419,マアジ,Taxa0053,マイワシ,1,1,-3,2,485,485,1.0818636747788626,0.012177972439623819,0.0375,water_temp; tp = -1,salinity; tp = 0,wave_m; tp = -2,tide; tp = -4,Taxa0419_CausedBy_Taxa0053
Taxa0419,マアジ,Taxa0765,ニザダイ,1,1,-4,2,475,475,0.9883372118429993,0.005879521092845269,0.0345,water_temp; tp = -1,salinity; tp = 0,wave_m; tp = -2,tide; tp = -4,Taxa0419_CausedBy_Taxa0765
Taxa0419,マアジ,Taxa0510,ウミタナゴ,1,1,0,2,514,514,1.0039673420301274,0.04932509147645943,0,water_temp; tp = -1,salinity; tp = 0,wave_m; tp = -2,tide; tp = -4,Taxa0419_CausedBy_Taxa0510
Taxa0419,マアジ,Taxa0616,コケギンポ,1,1,-3,2,485,485,1.003691252341942,0.0038801431094307825,0.032,water_temp; tp = -1,salinity; tp = 0,wave_m; tp = -2,tide; tp = -4,Taxa0419_CausedBy_Taxa0616
Taxa0419,マアジ,Taxa0538,ホシササノハベラ,1,1,0,2,514,514,1.0339969939700835,0.01668769666659614,0.012,water_temp; tp = -1,salinity; tp = 0,wave_m; tp = -2,tide; tp = -4,Taxa0419_CausedBy_Taxa0538
Taxa0419,マアジ,Taxa0541,カミナリベラ,1,1,0,2,514,514,0.8609754733338695,0.016957406855108853,0.002,water_temp; tp = -1,salinity; tp = 0,wave_m; tp = -2,tide; tp = -4,Taxa0419_CausedBy_Taxa0541
Taxa0419,マアジ,Taxa0841,キタマクラ,1,1,0,2,514,514,0.968048592206508,0.012195903817928445,0.012,water_temp; tp = -1,salinity; tp = 0,wave_m; tp = -2,tide; tp = -4,Taxa0419_CausedBy_Taxa0841
Taxa0419,マアジ,Taxa0325,アナハゼ,1,1,-6,2,453,453,1.0570641971741424,0.022662030811269843,0.018,water_temp; tp = -1,salinity; tp = 0,wave_m; tp = -2,tide; tp = -4,Taxa0419_CausedBy_Taxa0325
Taxa0419,マアジ,Taxa0562,コモンイトギンポ,1,1,-3,2,485,485,1.0581029512819924,0.004601713484394948,0.046,water_temp; tp = -1,salinity; tp = 0,wave_m; tp = -2,tide; tp = -4,Taxa0419_CausedBy_Taxa0562
Taxa0419,マアジ,Taxa0658,クモハゼ,1,1,-5,2,464,464,1.0851852556505532,0.006849667270184226,0.0425,water_temp; tp = -1,salinity; tp = 0,wave_m; tp = -2,tide; tp = -4,Taxa0419_CausedBy_Taxa0658
Taxa0419,マアジ,Taxa0534,ホンベラ,1,1,0,2,514,514,0.9388308787402961,0.0157994776978347,0,water_temp; tp = -1,salinity; tp = 0,wave_m; tp = -2,tide; tp = -4,Taxa0419_CausedBy_Taxa0534
Taxa0419,マアジ,Taxa0208,ギンイソイワシ,1,1,-1,2,505,505,1.0321101299266933,0.009788462813755665,0,water_temp; tp = -1,salinity; tp = 0,wave_m; tp = -2,tide; tp = -4,Taxa0419_CausedBy_Taxa0208
Taxa0480,ノトイスズミ,Taxa0479,メジナ,7,1,0,8,456,456,1.0524825147958494,0.014744153562480239,0.017,water_temp; tp = -4,salinity; tp = -1,NA,NA,Taxa0480_CausedBy_Taxa0479
Taxa0480,ノトイスズミ,Taxa0451,クロダイ,1,1,-3,2,488,488,0.9483006382628918,0.04836377634040863,0.0405,water_temp; tp = -4,salinity; tp = -1,NA,NA,Taxa0480_CausedBy_Taxa0451
Taxa0480,ノトイスズミ,Taxa0286,メバル属複合種群,1,1,0,2,516,516,0.7796181196135964,0.2676970491269984,0.0015,water_temp; tp = -4,salinity; tp = -1,NA,NA,Taxa0480_CausedBy_Taxa0286
Taxa0480,ノトイスズミ,Taxa0544,ニシキベラ,1,1,0,2,516,516,0.6979836786890539,0.3147397836530067,5e-4,water_temp; tp = -4,salinity; tp = -1,NA,NA,Taxa0480_CausedBy_Taxa0544
Taxa0480,ノトイスズミ,Taxa0505,タカノハダイ,1,1,0,2,516,516,0.8810249951569257,0.11637743548406644,0,water_temp; tp = -4,salinity; tp = -1,NA,NA,Taxa0480_CausedBy_Taxa0505
Taxa0480,ノトイスズミ,Taxa0020,ウツボ,11,1,0,12,413,413,1.0490679673374819,0.014501848965538654,0.0085,water_temp; tp = -4,salinity; tp = -1,NA,NA,Taxa0480_CausedBy_Taxa0020
Taxa0480,ノトイスズミ,Taxa0752,アイゴ,1,1,0,2,516,516,0.7072624618347556,0.2879020450326548,0.006,water_temp; tp = -4,salinity; tp = -1,NA,NA,Taxa0480_CausedBy_Taxa0752
Taxa0480,ノトイスズミ,Taxa0584,ヘビギンポ,1,1,0,2,516,516,0.8300576636820423,0.1566795180749704,0.001,water_temp; tp = -4,salinity; tp = -1,NA,NA,Taxa0480_CausedBy_Taxa0584
Taxa0480,ノトイスズミ,Taxa0477,クロメジナ,1,1,0,2,516,516,0.8480338936979739,0.13778646188019122,0.002,water_temp; tp = -4,salinity; tp = -1,NA,NA,Taxa0480_CausedBy_Taxa0477
Taxa0480,ノトイスズミ,Taxa0537,アカササノハベラ,6,1,-6,7,456,456,1.0719379833005478,0.03568924060134354,0.0375,water_temp; tp = -4,salinity; tp = -1,NA,NA,Taxa0480_CausedBy_Taxa0537
Taxa0480,ノトイスズミ,Taxa0204,ナミノハナ,9,1,0,10,435,435,1.0634089418827533,0.011644341171725123,0.0205,water_temp; tp = -4,salinity; tp = -1,NA,NA,Taxa0480_CausedBy_Taxa0204
Taxa0480,ノトイスズミ,Taxa0765,ニザダイ,8,1,0,9,445,445,0.4976302182595503,0.21159729376114733,0,water_temp; tp = -4,salinity; tp = -1,NA,NA,Taxa0480_CausedBy_Taxa0765
Taxa0480,ノトイスズミ,Taxa0049,ウルメイワシ,1,1,-5,2,467,467,1.0874573444061213,0.10623855511031306,0.0305,water_temp; tp = -4,salinity; tp = -1,NA,NA,Taxa0480_CausedBy_Taxa0049
Taxa0480,ノトイスズミ,Taxa0841,キタマクラ,1,1,-3,2,488,488,0.8752754734384166,0.067981660622846607,0.045,water_temp; tp = -4,salinity; tp = -1,NA,NA,Taxa0480_CausedBy_Taxa0841
Taxa0480,ノトイスズミ,Taxa0419,マアジ,1,1,0,2,516,516,0.9988214107199133,0.009463456474571169,0.037,water_temp; tp = -4,salinity; tp = -1,NA,NA,Taxa0480_CausedBy_Taxa0419
Taxa0480,ノトイスズミ,Taxa0484,カゴカキダイ,8,1,-4,9,445,445,1.038540558516258,0.00861439137413144,0.024,water_temp; tp = -4,salinity; tp = -1,NA,NA,Taxa0480_CausedBy_Taxa0484
Taxa0480,ノトイスズミ,Taxa0016,トラウツボ,1,1,0,2,516,516,0.6527926462074967,0.07364442312067793,0.022,water_temp; tp = -4,salinity; tp = -1,NA,NA,Taxa0480_CausedBy_Taxa0016
Taxa0480,ノトイスズミ,Taxa0476,ミナミハタンポ,9,1,-6,10,435,435,0.6383263236876537,0.017300814131790576,0.013,water_temp; tp = -4,salinity; tp = -1,NA,NA,Taxa0480_CausedBy_Taxa0476
Taxa0837,ミナミハコフグ,Taxa0599,ナベカ,1,1,-6,2,484,484,0.9224233802167288,0.06915522843965176,0.0105,wave_m; tp = -3,NA,NA,NA,Taxa0837_CausedBy_Taxa0599
Taxa0837,ミナミハコフグ,Taxa0336,スズキ,1,1,-6,2,484,484,0.9539389717805885,0.11219137893818823,0,wave_m; tp = -3,NA,NA,NA,Taxa0837_CausedBy_Taxa0336
Taxa0837,ミナミハコフグ,Taxa0419,マアジ,1,1,-6,2,484,484,0.9341972298521688,0.133949955865411,0,wave_m; tp = -3,NA,NA,NA,Taxa0837_CausedBy_Taxa0419
Taxa0837,ミナミハコフグ,Taxa0658,クモハゼ,1,1,-4,2,506,506,0.9115446434563618,0.12236230134234732,0.0285,wave_m; tp = -3,NA,NA,NA,Taxa0837_CausedBy_Taxa0658
Taxa0562,コモンイトギンポ,Taxa0479,メジナ,1,1,-1,2,522,522,0.9647613417243251,0.0226661191175751,0.0185,water_temp; tp = -6,wave_m; tp = -5,tide; tp = -5,NA,Taxa0562_CausedBy_Taxa0479
Taxa0562,コモンイトギンポ,Taxa0849,クサフグ,1,1,0,2,532,532,0.9570073165433094,0.029870001592896357,0.0155,water_temp; tp = -6,wave_m; tp = -5,tide; tp = -5,NA,Taxa0562_CausedBy_Taxa0849
Taxa0562,コモンイトギンポ,Taxa0601,イソギンポ,1,1,0,2,532,532,0.8054353664296007,0.10255350861622473,0.0215,water_temp; tp = -6,wave_m; tp = -5,tide; tp = -5,NA,Taxa0562_CausedBy_Taxa0601
Taxa0562,コモンイトギンポ,Taxa0673,イソハゼ,1,1,-2,2,512,512,1.0205324505407005,0.04097236651162578,0.048,water_temp; tp = -6,wave_m; tp = -5,tide; tp = -5,NA,Taxa0562_CausedBy_Taxa0673
Taxa0562,コモンイトギンポ,Taxa0708,キヌバリ,1,1,-5,2,484,484,1.0254292468477895,0.018464499369197862,0.0435,water_temp; tp = -6,wave_m; tp = -5,tide; tp = -5,NA,Taxa0562_CausedBy_Taxa0708
Taxa0562,コモンイトギンポ,Taxa0780,マサバ・ゴマサバ複合種群,1,1,-3,2,502,502,0.9820215395803146,0.02775467503925004,0.008,water_temp; tp = -6,wave_m; tp = -5,tide; tp = -5,NA,Taxa0562_CausedBy_Taxa0780
Taxa0562,コモンイトギンポ,Taxa0534,ホンベラ,1,1,0,2,532,532,0.9629818417978082,0.019931085595113193,0.0175,water_temp; tp = -6,wave_m; tp = -5,tide; tp = -5,NA,Taxa0562_CausedBy_Taxa0534
Taxa0562,コモンイトギンポ,Taxa0484,カゴカキダイ,1,1,-2,2,512,512,1.0329272911828484,0.010281390097536182,0.0085,water_temp; tp = -6,wave_m; tp = -5,tide; tp = -5,NA,Taxa0562_CausedBy_Taxa0484
Taxa0658,クモハゼ,Taxa0849,クサフグ,1,1,-2,2,497,497,0.9216701235370099,0.03381971819255006,0.028,water_temp; tp = -2,salinity; tp = -6,NA,NA,Taxa0658_CausedBy_Taxa0849
Taxa0658,クモハゼ,Taxa0201,ボラ,1,1,-2,2,497,497,0.8726054087934693,0.09632167778616801,0.003,water_temp; tp = -2,salinity; tp = -6,NA,NA,Taxa0658_CausedBy_Taxa0201
Taxa0658,クモハゼ,Taxa0505,タカノハダイ,1,1,-5,2,474,474,0.9130672679200615,0.07040208422980762,0.016,water_temp; tp = -2,salinity; tp = -6,NA,NA,Taxa0658_CausedBy_Taxa0505
Taxa0658,クモハゼ,Taxa0598,カエルウオ,1,1,0,2,515,515,0.7894501484560921,0.14553041477906253,0,water_temp; tp = -2,salinity; tp = -6,NA,NA,Taxa0658_CausedBy_Taxa0598
Taxa0658,クモハゼ,Taxa0594,ホシギンポ,1,1,-5,2,474,474,1.024251614347975,0.018876552675314334,0.003,water_temp; tp = -2,salinity; tp = -6,NA,NA,Taxa0658_CausedBy_Taxa0594
Taxa0658,クモハゼ,Taxa0204,ナミノハナ,1,1,-3,2,487,487,1.040263047594467,0.03519228811588183,0.037,water_temp; tp = -2,salinity; tp = -6,NA,NA,Taxa0658_CausedBy_Taxa0204
Taxa0658,クモハゼ,Taxa0541,カミナリベラ,1,1,-3,2,487,487,0.9606346032659132,0.02858495266318256,0.0325,water_temp; tp = -2,salinity; tp = -6,NA,NA,Taxa0658_CausedBy_Taxa0541
Taxa0658,クモハゼ,Taxa0480,ノトイスズミ,1,1,-5,2,474,474,1.0534633392305457,0.01479030599064253,0.0465,water_temp; tp = -2,salinity; tp = -6,NA,NA,Taxa0658_CausedBy_Taxa0480
Taxa0658,クモハゼ,Taxa0837,ミナミハコフグ,1,1,-2,2,497,497,0.7651331210766189,0.02104795198351983,0.0495,water_temp; tp = -2,salinity; tp = -6,NA,NA,Taxa0658_CausedBy_Taxa0837
Taxa0658,クモハゼ,Taxa0484,カゴカキダイ,1,1,-6,2,464,464,0.9932662982825892,0.007700280177699527,0.048,water_temp; tp = -2,salinity; tp = -6,NA,NA,Taxa0658_CausedBy_Taxa0484
Taxa0795,ヒラメ,Taxa0479,メジナ,1,1,0,2,550,550,0.922753693526425,0.07975928498793884,0.0205,wave_m; tp = -1,NA,NA,NA,Taxa0795_CausedBy_Taxa0479
Taxa0795,ヒラメ,Taxa0849,クサフグ,1,1,-4,2,506,506,0.9544471547875737,0.06971197453394051,0.044,wave_m; tp = -1,NA,NA,NA,Taxa0795_CausedBy_Taxa0849
Taxa0795,ヒラメ,Taxa0201,ボラ,1,1,-4,2,506,506,0.9246707951979648,0.09943611759855896,0.0085,wave_m; tp = -1,NA,NA,NA,Taxa0795_CausedBy_Taxa0201
Taxa0795,ヒラメ,Taxa0584,ヘビギンポ,1,1,-2,2,528,528,0.8250487438186599,0.021854603970284825,0.018,wave_m; tp = -1,NA,NA,NA,Taxa0795_CausedBy_Taxa0584
Taxa0795,ヒラメ,Taxa0204,ナミノハナ,1,1,-5,2,495,495,0.9280846404963168,0.102093557238859,0,wave_m; tp = -1,NA,NA,NA,Taxa0795_CausedBy_Taxa0204
Taxa0795,ヒラメ,Taxa0419,マアジ,2,1,-1,3,539,539,0.9669513344148438,0.07589677472491946,0.0265,wave_m; tp = -1,NA,NA,NA,Taxa0795_CausedBy_Taxa0419
Taxa0795,ヒラメ,Taxa0208,ギンイソイワシ,1,1,-4,2,506,506,0.4241145947461276,0.07350282107766348,0.013,wave_m; tp = -1,NA,NA,NA,Taxa0795_CausedBy_Taxa0208
Taxa0534,ホンベラ,Taxa0479,メジナ,1,1,-2,2,507,507,0.9985613708555474,0.07451961412166423,0.0165,water_temp; tp = 0,salinity; tp = 0,wave_m; tp = -3,NA,Taxa0534_CausedBy_Taxa0479
Taxa0534,ホンベラ,Taxa0324,アヤアナハゼ,1,1,-4,2,485,485,0.690570399588951,0.06162733403588144,0.0195,water_temp; tp = 0,salinity; tp = 0,wave_m; tp = -3,NA,Taxa0534_CausedBy_Taxa0324
Taxa0534,ホンベラ,Taxa0477,クロメジナ,1,1,-2,2,507,507,0.9946461085723476,0.053684392498003254,0.0475,water_temp; tp = 0,salinity; tp = 0,wave_m; tp = -3,NA,Taxa0534_CausedBy_Taxa0477
Taxa0534,ホンベラ,Taxa0537,アカササノハベラ,1,1,-4,2,485,485,0.7176558446348564,0.05535463076239694,0.0305,water_temp; tp = 0,salinity; tp = 0,wave_m; tp = -3,NA,Taxa0534_CausedBy_Taxa0537
Taxa0534,ホンベラ,Taxa0841,キタマクラ,1,1,-2,2,507,507,0.8851804668142503,0.05346458169882791,0.0265,water_temp; tp = 0,salinity; tp = 0,wave_m; tp = -3,NA,Taxa0534_CausedBy_Taxa0841
Taxa0534,ホンベラ,Taxa0325,アナハゼ,1,1,-3,2,496,496,1.0603138482634262,0.01469015512750288,0.0415,water_temp; tp = 0,salinity; tp = 0,wave_m; tp = -3,NA,Taxa0534_CausedBy_Taxa0325
Taxa0534,ホンベラ,Taxa0480,ノトイスズミ,1,1,-4,2,485,485,1.1291370218189938,0.013188114360247291,0.0155,water_temp; tp = 0,salinity; tp = 0,wave_m; tp = -3,NA,Taxa0534_CausedBy_Taxa0480
Taxa0484,カゴカキダイ,Taxa0479,メジナ,1,1,0,2,515,515,1.0075674627362214,0.025154071006192796,0.0045,water_temp; tp = 0,salinity; tp = -5,wave_m; tp = -2,NA,Taxa0484_CausedBy_Taxa0479
Taxa0484,カゴカキダイ,Taxa0849,クサフグ,1,1,0,2,515,515,0.9426080984751788,0.02190967218319946,0.018,water_temp; tp = 0,salinity; tp = -5,wave_m; tp = -2,NA,Taxa0484_CausedBy_Taxa0849
Taxa0484,カゴカキダイ,Taxa0664,アゴハゼ,1,1,0,2,515,515,0.9550434172927612,0.014425030969273014,0.012,water_temp; tp = 0,salinity; tp = -5,wave_m; tp = -2,NA,Taxa0484_CausedBy_Taxa0664
Taxa0484,カゴカキダイ,Taxa0207,ムギイワシ,1,1,-6,2,461,461,0.6103706061097269,0.08042874859944354,0.0035,water_temp; tp = 0,salinity; tp = -5,wave_m; tp = -2,NA,Taxa0484_CausedBy_Taxa0207
Taxa0484,カゴカキダイ,Taxa0286,メバル属複合種群,1,1,-6,2,461,461,1.1013442959772937,0.023861524915878438,0.025,water_temp; tp = 0,salinity; tp = -5,wave_m; tp = -2,NA,Taxa0484_CausedBy_Taxa0286
Taxa0484,カゴカキダイ,Taxa0598,カエルウオ,1,1,0,2,515,515,0.857783264399991,0.07456186260463421,0.0185,water_temp; tp = 0,salinity; tp = -5,wave_m; tp = -2,NA,Taxa0484_CausedBy_Taxa0598
Taxa0484,カゴカキダイ,Taxa0594,ホシギンポ,1,1,-6,2,461,461,1.041061864164176,0.01685141349944716,0.0315,water_temp; tp = 0,salinity; tp = -5,wave_m; tp = -2,NA,Taxa0484_CausedBy_Taxa0594
Taxa0484,カゴカキダイ,Taxa0477,クロメジナ,1,1,-6,2,461,461,0.9924469219018358,0.06916422414506558,0.0055,water_temp; tp = 0,salinity; tp = -5,wave_m; tp = -2,NA,Taxa0484_CausedBy_Taxa0477
Taxa0484,カゴカキダイ,Taxa0537,アカササノハベラ,1,1,0,2,515,515,1.0188814286851484,0.03190897759340445,5e-4,water_temp; tp = 0,salinity; tp = -5,wave_m; tp = -2,NA,Taxa0484_CausedBy_Taxa0537
Taxa0484,カゴカキダイ,Taxa0708,キヌバリ,1,1,-2,2,495,495,1.0242706295900708,0.009873558501349185,0.027,water_temp; tp = 0,salinity; tp = -5,wave_m; tp = -2,NA,Taxa0484_CausedBy_Taxa0708
Taxa0484,カゴカキダイ,Taxa0510,ウミタナゴ,1,1,-3,2,485,485,0.8997600853422881,0.01683141283897338,0.033,water_temp; tp = 0,salinity; tp = -5,wave_m; tp = -2,NA,Taxa0484_CausedBy_Taxa0510
Taxa0484,カゴカキダイ,Taxa0480,ノトイスズミ,1,1,-2,2,495,495,1.030868362572701,0.11460172702932285,0.045,water_temp; tp = 0,salinity; tp = -5,wave_m; tp = -2,NA,Taxa0484_CausedBy_Taxa0480
Taxa0484,カゴカキダイ,Taxa0562,コモンイトギンポ,1,1,-3,2,485,485,0.9656173795296175,0.026856893368162358,0.037,water_temp; tp = 0,salinity; tp = -5,wave_m; tp = -2,NA,Taxa0484_CausedBy_Taxa0562
Taxa0484,カゴカキダイ,Taxa0016,トラウツボ,1,1,-1,2,505,505,0.6414173783509982,0.03855566621803613,0.041,water_temp; tp = 0,salinity; tp = -5,wave_m; tp = -2,NA,Taxa0484_CausedBy_Taxa0016
Taxa0016,トラウツボ,Taxa0477,クロメジナ,1,1,0,2,546,546,0.9350542569078086,0.05870847371590493,0.0225,tide; tp = -4,NA,NA,NA,Taxa0016_CausedBy_Taxa0477
Taxa0016,トラウツボ,Taxa0616,コケギンポ,7,1,-2,8,484,484,1.0313462095948,0.016177445744904314,0.0055,tide; tp = -4,NA,NA,NA,Taxa0016_CausedBy_Taxa0616
Taxa0016,トラウツボ,Taxa0795,ヒラメ,7,1,-4,8,484,484,0.9549164913066606,0.01399551244181687,0.0415,tide; tp = -4,NA,NA,NA,Taxa0016_CausedBy_Taxa0795
Taxa0016,トラウツボ,Taxa0484,カゴカキダイ,1,1,-5,2,495,495,0.9125572217051917,0.19125347444878832,0.0495,tide; tp = -4,NA,NA,NA,Taxa0016_CausedBy_Taxa0484
Taxa0016,トラウツボ,Taxa0476,ミナミハタンポ,1,1,-1,2,536,536,0.9690691073416847,0.045775743253076095,0.0145,tide; tp = -4,NA,NA,NA,Taxa0016_CausedBy_Taxa0476
Taxa0476,ミナミハタンポ,Taxa0849,クサフグ,1,1,-1,2,528,528,0.9325171171313373,0.012718726693999718,0.015,water_temp; tp = -2,tide; tp = -2,NA,NA,Taxa0476_CausedBy_Taxa0849
Taxa0476,ミナミハタンポ,Taxa0544,ニシキベラ,1,1,-3,2,507,507,0.9132111943763983,0.05846446636169548,0.028,water_temp; tp = -2,tide; tp = -2,NA,NA,Taxa0476_CausedBy_Taxa0544
Taxa0476,ミナミハタンポ,Taxa0505,タカノハダイ,1,1,0,2,537,537,0.9485692513121033,0.0469703318471387,0.0415,water_temp; tp = -2,tide; tp = -2,NA,NA,Taxa0476_CausedBy_Taxa0505
Taxa0476,ミナミハタンポ,Taxa0601,イソギンポ,2,1,-2,3,518,518,0.9407176518340763,0.05844274672132642,0.003,water_temp; tp = -2,tide; tp = -2,NA,NA,Taxa0476_CausedBy_Taxa0601
Taxa0476,ミナミハタンポ,Taxa0045,カタクチイワシ,1,1,0,2,537,537,0.9545485012079655,0.029091944148138545,0.0265,water_temp; tp = -2,tide; tp = -2,NA,NA,Taxa0476_CausedBy_Taxa0045
Taxa0476,ミナミハタンポ,Taxa0558,ベニツケギンポ,2,1,-3,3,507,507,1.0165927668195749,0.03362661443055644,0.0195,water_temp; tp = -2,tide; tp = -2,NA,NA,Taxa0476_CausedBy_Taxa0558
Taxa0476,ミナミハタンポ,Taxa0204,ナミノハナ,2,1,-1,3,528,528,0.9084478210398147,0.07558063957504974,0.04,water_temp; tp = -2,tide; tp = -2,NA,NA,Taxa0476_CausedBy_Taxa0204
Taxa0476,ミナミハタンポ,Taxa0708,キヌバリ,2,1,-3,3,507,507,0.9999706387885807,0.038873058587584754,0.007,water_temp; tp = -2,tide; tp = -2,NA,NA,Taxa0476_CausedBy_Taxa0708
Taxa0476,ミナミハタンポ,Taxa0765,ニザダイ,1,1,-3,2,507,507,0.9267303126648778,0.04114190777902226,0.0045,water_temp; tp = -2,tide; tp = -2,NA,NA,Taxa0476_CausedBy_Taxa0765
Taxa0476,ミナミハタンポ,Taxa0541,カミナリベラ,10,1,-5,11,442,442,0.7070728577480809,0.0091739532024534,0.0015,water_temp; tp = -2,tide; tp = -2,NA,NA,Taxa0476_CausedBy_Taxa0541
Taxa0476,ミナミハタンポ,Taxa0049,ウルメイワシ,1,1,-2,2,518,518,0.9568776465473708,0.06667578397515296,0.0295,water_temp; tp = -2,tide; tp = -2,NA,NA,Taxa0476_CausedBy_Taxa0049
Taxa0476,ミナミハタンポ,Taxa0054,キビナゴ,1,1,-5,2,485,485,0.9214744066292232,0.10727265738139952,0.0285,water_temp; tp = -2,tide; tp = -2,NA,NA,Taxa0476_CausedBy_Taxa0054
Taxa0208,ギンイソイワシ,Taxa0479,メジナ,1,1,-5,2,482,482,0.9891961850952673,0.07708267283024871,0.024,water_temp; tp = 0,NA,NA,NA,Taxa0208_CausedBy_Taxa0479
Taxa0208,ギンイソイワシ,Taxa0849,クサフグ,1,1,0,2,537,537,0.9728636023530504,0.020022641123723844,0.033,water_temp; tp = 0,NA,NA,NA,Taxa0208_CausedBy_Taxa0849
Taxa0208,ギンイソイワシ,Taxa0451,クロダイ,11,1,0,12,428,428,1.0671070362232293,0.015080058320624978,0.026,water_temp; tp = 0,NA,NA,NA,Taxa0208_CausedBy_Taxa0451
Taxa0208,ギンイソイワシ,Taxa0505,タカノハダイ,10,1,-6,11,439,439,0.9286608589148211,0.014842082222365327,0.0095,water_temp; tp = 0,NA,NA,NA,Taxa0208_CausedBy_Taxa0505
Taxa0208,ギンイソイワシ,Taxa0324,アヤアナハゼ,1,1,-5,2,482,482,0.938744278696853,0.0908086490915023,0.0155,water_temp; tp = 0,NA,NA,NA,Taxa0208_CausedBy_Taxa0324
Taxa0208,ギンイソイワシ,Taxa0558,ベニツケギンポ,1,1,-6,2,471,471,0.924758539106208,0.07300406689048673,0.006,water_temp; tp = 0,NA,NA,NA,Taxa0208_CausedBy_Taxa0558
Taxa0208,ギンイソイワシ,Taxa0477,クロメジナ,1,1,-5,2,482,482,0.9708454597893155,0.06551257828979262,0.036,water_temp; tp = 0,NA,NA,NA,Taxa0208_CausedBy_Taxa0477
Taxa0208,ギンイソイワシ,Taxa0537,アカササノハベラ,1,1,-1,2,526,526,0.9901665843732567,0.07634995456176366,0.021,water_temp; tp = 0,NA,NA,NA,Taxa0208_CausedBy_Taxa0537
Taxa0208,ギンイソイワシ,Taxa0204,ナミノハナ,1,1,-6,2,471,471,0.9385053606354145,0.11592807817791456,0.0025,water_temp; tp = 0,NA,NA,NA,Taxa0208_CausedBy_Taxa0204
Taxa0208,ギンイソイワシ,Taxa0053,マイワシ,1,1,-2,2,515,515,0.9269073589412116,0.14845621845329146,0,water_temp; tp = 0,NA,NA,NA,Taxa0208_CausedBy_Taxa0053
Taxa0208,ギンイソイワシ,Taxa0498,イシダイ,8,1,-2,9,461,461,1.0849562469029523,0.008163368261152437,0.0155,water_temp; tp = 0,NA,NA,NA,Taxa0208_CausedBy_Taxa0498
Taxa0208,ギンイソイワシ,Taxa0616,コケギンポ,1,1,-4,2,493,493,0.9619548753570817,0.09738649754842096,0.027,water_temp; tp = 0,NA,NA,NA,Taxa0208_CausedBy_Taxa0616
Taxa0208,ギンイソイワシ,Taxa0538,ホシササノハベラ,1,1,-3,2,504,504,0.9801594106673724,0.07540061884548684,0.0475,water_temp; tp = 0,NA,NA,NA,Taxa0208_CausedBy_Taxa0538
Taxa0208,ギンイソイワシ,Taxa0541,カミナリベラ,1,1,-2,2,515,515,0.9455551491150608,0.07426838252632872,0.0125,water_temp; tp = 0,NA,NA,NA,Taxa0208_CausedBy_Taxa0541
Taxa0208,ギンイソイワシ,Taxa0049,ウルメイワシ,1,1,-6,2,471,471,1.0279018497200305,0.005968085655825031,0.0455,water_temp; tp = 0,NA,NA,NA,Taxa0208_CausedBy_Taxa0049
Taxa0208,ギンイソイワシ,Taxa0837,ミナミハコフグ,1,1,-6,2,471,471,0.9861609045928994,0.09943022293079114,0.012,water_temp; tp = 0,NA,NA,NA,Taxa0208_CausedBy_Taxa0837
Taxa0208,ギンイソイワシ,Taxa0795,ヒラメ,1,1,-1,2,526,526,0.9194963528640404,0.09713417470642718,0.021,water_temp; tp = 0,NA,NA,NA,Taxa0208_CausedBy_Taxa0795
Taxa0208,ギンイソイワシ,Taxa0016,トラウツボ,1,1,-6,2,471,471,0.9115817318946431,0.11739697448590022,0.0155,water_temp; tp = 0,NA,NA,NA,Taxa0208_CausedBy_Taxa0016
Taxa0054,キビナゴ,Taxa0849,クサフグ,5,1,-6,6,464,464,1.0110148968730353,0.004366245745530144,0.04,water_temp; tp = -3,salinity; tp = -2,wave_m; tp = -3,tide; tp = -6,Taxa0054_CausedBy_Taxa0849
Taxa0054,キビナゴ,Taxa0664,アゴハゼ,2,1,-3,3,494,494,1.0361026438141552,0.005184527186036569,0.0265,water_temp; tp = -3,salinity; tp = -2,wave_m; tp = -3,tide; tp = -6,Taxa0054_CausedBy_Taxa0664
Taxa0054,キビナゴ,Taxa0286,メバル属複合種群,5,1,-4,6,484,484,1.0325358610895354,0.003183750038674646,0.0495,water_temp; tp = -3,salinity; tp = -2,wave_m; tp = -3,tide; tp = -6,Taxa0054_CausedBy_Taxa0286
Taxa0054,キビナゴ,Taxa0558,ベニツケギンポ,5,1,-5,6,474,474,0.9622080126217131,0.005403198468801322,0.0215,water_temp; tp = -3,salinity; tp = -2,wave_m; tp = -3,tide; tp = -6,Taxa0054_CausedBy_Taxa0558
Taxa0054,キビナゴ,Taxa0204,ナミノハナ,5,1,-3,6,484,484,1.0187201763656766,0.022881792980632632,0,water_temp; tp = -3,salinity; tp = -2,wave_m; tp = -3,tide; tp = -6,Taxa0054_CausedBy_Taxa0204
Taxa0054,キビナゴ,Taxa0336,スズキ,5,1,-1,6,484,484,1.0515282890916129,0.006977790225735185,5e-4,water_temp; tp = -3,salinity; tp = -2,wave_m; tp = -3,tide; tp = -6,Taxa0054_CausedBy_Taxa0336
Taxa0054,キビナゴ,Taxa0541,カミナリベラ,2,1,-4,3,484,484,0.8646255589618878,0.021043634309499876,0.012,water_temp; tp = -3,salinity; tp = -2,wave_m; tp = -3,tide; tp = -6,Taxa0054_CausedBy_Taxa0541
Taxa0054,キビナゴ,Taxa0049,ウルメイワシ,5,1,-4,6,484,484,1.0613410110877064,0.009483821703725977,0.025,water_temp; tp = -3,salinity; tp = -2,wave_m; tp = -3,tide; tp = -6,Taxa0054_CausedBy_Taxa0049
Taxa0054,キビナゴ,Taxa0419,マアジ,5,1,-1,6,484,484,1.0528716398256515,0.005849870662065847,0.0035,water_temp; tp = -3,salinity; tp = -2,wave_m; tp = -3,tide; tp = -6,Taxa0054_CausedBy_Taxa0419
Taxa0054,キビナゴ,Taxa0562,コモンイトギンポ,5,1,-1,6,484,484,1.0280526249505442,0.005356128256101159,0.0425,water_temp; tp = -3,salinity; tp = -2,wave_m; tp = -3,tide; tp = -6,Taxa0054_CausedBy_Taxa0562
Taxa0054,キビナゴ,Taxa0795,ヒラメ,5,1,-4,6,484,484,0.984711633814598,0.0033470819181584486,0.028,water_temp; tp = -3,salinity; tp = -2,wave_m; tp = -3,tide; tp = -6,Taxa0054_CausedBy_Taxa0795
